"GroupV2","TimePoint","SubjectIndex","SubjectTag","Group","GroupV3","TxGreen","TxBrown","ControlBrownOffsets","YHat","Y","Year"
"ControlBrown",1,1,"ControlBrown-001","Control","Control",FALSE,FALSE,TRUE,8,10.6482230807243,2011
"ControlBrown",2,1,"ControlBrown-001","Control","Control",FALSE,FALSE,TRUE,9,6.19022253789401,2012
"ControlBrown",3,1,"ControlBrown-001","Control","Control",FALSE,FALSE,TRUE,10,10.4924058574348,2013
"ControlBrown",4,1,"ControlBrown-001","Control","Control",FALSE,FALSE,TRUE,10.5,8.03007451030515,2014
"ControlBrown",5,1,"ControlBrown-001","Control","Control",FALSE,FALSE,TRUE,11,11.5470020591208,2015
"ControlBrown",1,2,"ControlBrown-002","Control","Control",FALSE,FALSE,TRUE,8,5.85639408573353,2011
"ControlBrown",2,2,"ControlBrown-002","Control","Control",FALSE,FALSE,TRUE,9,9.60348820768233,2012
"ControlBrown",3,2,"ControlBrown-002","Control","Control",FALSE,FALSE,TRUE,10,10.1323980575341,2013
"ControlBrown",4,2,"ControlBrown-002","Control","Control",FALSE,FALSE,TRUE,10.5,8.35064531289831,2014
"ControlBrown",5,2,"ControlBrown-002","Control","Control",FALSE,FALSE,TRUE,11,11.4237903412123,2015
"ControlBrown",1,3,"ControlBrown-003","Control","Control",FALSE,FALSE,TRUE,8,8.76508971149986,2011
"ControlBrown",2,3,"ControlBrown-003","Control","Control",FALSE,FALSE,TRUE,9,8.78419816347369,2012
"ControlBrown",3,3,"ControlBrown-003","Control","Control",FALSE,FALSE,TRUE,10,10.3409110513522,2013
"ControlBrown",4,3,"ControlBrown-003","Control","Control",FALSE,FALSE,TRUE,10.5,10.7324746113325,2014
"ControlBrown",5,3,"ControlBrown-003","Control","Control",FALSE,FALSE,TRUE,11,10.7579271859887,2015
"ControlBrown",1,4,"ControlBrown-004","Control","Control",FALSE,FALSE,TRUE,8,8.43503510661141,2011
"ControlBrown",2,4,"ControlBrown-004","Control","Control",FALSE,FALSE,TRUE,9,8.42013109888294,2012
"ControlBrown",3,4,"ControlBrown-004","Control","Control",FALSE,FALSE,TRUE,10,10.9129648581576,2013
"ControlBrown",4,4,"ControlBrown-004","Control","Control",FALSE,FALSE,TRUE,10.5,11.7409075323493,2014
"ControlBrown",5,4,"ControlBrown-004","Control","Control",FALSE,FALSE,TRUE,11,12.1912925622887,2015
"ControlBrown",1,5,"ControlBrown-005","Control","Control",FALSE,FALSE,TRUE,8,9.99094262508076,2011
"ControlBrown",2,5,"ControlBrown-005","Control","Control",FALSE,FALSE,TRUE,9,7.82161565964531,2012
"ControlBrown",3,5,"ControlBrown-005","Control","Control",FALSE,FALSE,TRUE,10,9.12330998549528,2013
"ControlBrown",4,5,"ControlBrown-005","Control","Control",FALSE,FALSE,TRUE,10.5,11.2881490973873,2014
"ControlBrown",5,5,"ControlBrown-005","Control","Control",FALSE,FALSE,TRUE,11,10.2659309382568,2015
"ControlBrown",1,6,"ControlBrown-006","Control","Control",FALSE,FALSE,TRUE,8,11.6657283969767,2011
"ControlBrown",2,6,"ControlBrown-006","Control","Control",FALSE,FALSE,TRUE,9,10.1514317622892,2012
"ControlBrown",3,6,"ControlBrown-006","Control","Control",FALSE,FALSE,TRUE,10,8.65869368740879,2013
"ControlBrown",4,6,"ControlBrown-006","Control","Control",FALSE,FALSE,TRUE,10.5,11.1298628826684,2014
"ControlBrown",5,6,"ControlBrown-006","Control","Control",FALSE,FALSE,TRUE,11,11.1282757290566,2015
"ControlBrown",1,7,"ControlBrown-007","Control","Control",FALSE,FALSE,TRUE,8,5.24910621821021,2011
"ControlBrown",2,7,"ControlBrown-007","Control","Control",FALSE,FALSE,TRUE,9,9.6273571149844,2012
"ControlBrown",3,7,"ControlBrown-007","Control","Control",FALSE,FALSE,TRUE,10,10.5686587140121,2013
"ControlBrown",4,7,"ControlBrown-007","Control","Control",FALSE,FALSE,TRUE,10.5,10.3369921522922,2014
"ControlBrown",5,7,"ControlBrown-007","Control","Control",FALSE,FALSE,TRUE,11,11.9894437575656,2015
"ControlBrown",1,8,"ControlBrown-008","Control","Control",FALSE,FALSE,TRUE,8,9.32758520357157,2011
"ControlBrown",2,8,"ControlBrown-008","Control","Control",FALSE,FALSE,TRUE,9,6.70145132126808,2012
"ControlBrown",3,8,"ControlBrown-008","Control","Control",FALSE,FALSE,TRUE,10,11.5680521740038,2013
"ControlBrown",4,8,"ControlBrown-008","Control","Control",FALSE,FALSE,TRUE,10.5,11.7748465163097,2014
"ControlBrown",5,8,"ControlBrown-008","Control","Control",FALSE,FALSE,TRUE,11,11.8579332280756,2015
"ControlBrown",1,9,"ControlBrown-009","Control","Control",FALSE,FALSE,TRUE,8,7.36382084412608,2011
"ControlBrown",2,9,"ControlBrown-009","Control","Control",FALSE,FALSE,TRUE,9,9.00072943470698,2012
"ControlBrown",3,9,"ControlBrown-009","Control","Control",FALSE,FALSE,TRUE,10,9.95028047280557,2013
"ControlBrown",4,9,"ControlBrown-009","Control","Control",FALSE,FALSE,TRUE,10.5,9.2272241886943,2014
"ControlBrown",5,9,"ControlBrown-009","Control","Control",FALSE,FALSE,TRUE,11,7.97522775045487,2015
"ControlBrown",1,10,"ControlBrown-010","Control","Control",FALSE,FALSE,TRUE,8,11.0063486857257,2011
"ControlBrown",2,10,"ControlBrown-010","Control","Control",FALSE,FALSE,TRUE,9,9.70251805878874,2012
"ControlBrown",3,10,"ControlBrown-010","Control","Control",FALSE,FALSE,TRUE,10,11.2153658823224,2013
"ControlBrown",4,10,"ControlBrown-010","Control","Control",FALSE,FALSE,TRUE,10.5,10.8214588199808,2014
"ControlBrown",5,10,"ControlBrown-010","Control","Control",FALSE,FALSE,TRUE,11,10.8065929542756,2015
"ControlBrown",1,11,"ControlBrown-011","Control","Control",FALSE,FALSE,TRUE,8,9.10601996060508,2011
"ControlBrown",2,11,"ControlBrown-011","Control","Control",FALSE,FALSE,TRUE,9,9.15925580828712,2012
"ControlBrown",3,11,"ControlBrown-011","Control","Control",FALSE,FALSE,TRUE,10,10.0864527854875,2013
"ControlBrown",4,11,"ControlBrown-011","Control","Control",FALSE,FALSE,TRUE,10.5,8.88847359732799,2014
"ControlBrown",5,11,"ControlBrown-011","Control","Control",FALSE,FALSE,TRUE,11,10.7021725924428,2015
"ControlBrown",1,12,"ControlBrown-012","Control","Control",FALSE,FALSE,TRUE,8,3.02626161638453,2011
"ControlBrown",2,12,"ControlBrown-012","Control","Control",FALSE,FALSE,TRUE,9,8.29160976211016,2012
"ControlBrown",3,12,"ControlBrown-012","Control","Control",FALSE,FALSE,TRUE,10,9.21510266329551,2013
"ControlBrown",4,12,"ControlBrown-012","Control","Control",FALSE,FALSE,TRUE,10.5,9.29493865445029,2014
"ControlBrown",5,12,"ControlBrown-012","Control","Control",FALSE,FALSE,TRUE,11,12.5151819278813,2015
"ControlBrown",1,13,"ControlBrown-013","Control","Control",FALSE,FALSE,TRUE,8,6.78438310624211,2011
"ControlBrown",2,13,"ControlBrown-013","Control","Control",FALSE,FALSE,TRUE,9,9.9475411236054,2012
"ControlBrown",3,13,"ControlBrown-013","Control","Control",FALSE,FALSE,TRUE,10,9.14128418950881,2013
"ControlBrown",4,13,"ControlBrown-013","Control","Control",FALSE,FALSE,TRUE,10.5,10.8936185461125,2014
"ControlBrown",5,13,"ControlBrown-013","Control","Control",FALSE,FALSE,TRUE,11,10.2684961167636,2015
"ControlBrown",1,14,"ControlBrown-014","Control","Control",FALSE,FALSE,TRUE,8,8.06904124349033,2011
"ControlBrown",2,14,"ControlBrown-014","Control","Control",FALSE,FALSE,TRUE,9,9.88402472030971,2012
"ControlBrown",3,14,"ControlBrown-014","Control","Control",FALSE,FALSE,TRUE,10,10.9809730873451,2013
"ControlBrown",4,14,"ControlBrown-014","Control","Control",FALSE,FALSE,TRUE,10.5,9.3581762586357,2014
"ControlBrown",5,14,"ControlBrown-014","Control","Control",FALSE,FALSE,TRUE,11,11.1184534293762,2015
"ControlBrown",1,15,"ControlBrown-015","Control","Control",FALSE,FALSE,TRUE,8,10.4229335908466,2011
"ControlBrown",2,15,"ControlBrown-015","Control","Control",FALSE,FALSE,TRUE,9,8.86497369291224,2012
"ControlBrown",3,15,"ControlBrown-015","Control","Control",FALSE,FALSE,TRUE,10,9.69046338847449,2013
"ControlBrown",4,15,"ControlBrown-015","Control","Control",FALSE,FALSE,TRUE,10.5,8.74999148013389,2014
"ControlBrown",5,15,"ControlBrown-015","Control","Control",FALSE,FALSE,TRUE,11,11.239285936462,2015
"ControlBrown",1,16,"ControlBrown-016","Control","Control",FALSE,FALSE,TRUE,8,7.58949176616639,2011
"ControlBrown",2,16,"ControlBrown-016","Control","Control",FALSE,FALSE,TRUE,9,7.04594434175022,2012
"ControlBrown",3,16,"ControlBrown-016","Control","Control",FALSE,FALSE,TRUE,10,9.15395179467042,2013
"ControlBrown",4,16,"ControlBrown-016","Control","Control",FALSE,FALSE,TRUE,10.5,11.7260067877143,2014
"ControlBrown",5,16,"ControlBrown-016","Control","Control",FALSE,FALSE,TRUE,11,11.0362447504684,2015
"ControlBrown",1,17,"ControlBrown-017","Control","Control",FALSE,FALSE,TRUE,8,9.20991649224794,2011
"ControlBrown",2,17,"ControlBrown-017","Control","Control",FALSE,FALSE,TRUE,9,6.08703799451612,2012
"ControlBrown",3,17,"ControlBrown-017","Control","Control",FALSE,FALSE,TRUE,10,11.388704641051,2013
"ControlBrown",4,17,"ControlBrown-017","Control","Control",FALSE,FALSE,TRUE,10.5,12.85836422304,2014
"ControlBrown",5,17,"ControlBrown-017","Control","Control",FALSE,FALSE,TRUE,11,10.6127493713307,2015
"ControlBrown",1,18,"ControlBrown-018","Control","Control",FALSE,FALSE,TRUE,8,7.28643330049308,2011
"ControlBrown",2,18,"ControlBrown-018","Control","Control",FALSE,FALSE,TRUE,9,6.29339052643232,2012
"ControlBrown",3,18,"ControlBrown-018","Control","Control",FALSE,FALSE,TRUE,10,8.73395686215667,2013
"ControlBrown",4,18,"ControlBrown-018","Control","Control",FALSE,FALSE,TRUE,10.5,10.4491532122037,2014
"ControlBrown",5,18,"ControlBrown-018","Control","Control",FALSE,FALSE,TRUE,11,9.41740043954369,2015
"ControlBrown",1,19,"ControlBrown-019","Control","Control",FALSE,FALSE,TRUE,8,7.44561356340974,2011
"ControlBrown",2,19,"ControlBrown-019","Control","Control",FALSE,FALSE,TRUE,9,9.13675676754572,2012
"ControlBrown",3,19,"ControlBrown-019","Control","Control",FALSE,FALSE,TRUE,10,11.4548176487989,2013
"ControlBrown",4,19,"ControlBrown-019","Control","Control",FALSE,FALSE,TRUE,10.5,12.0509136234608,2014
"ControlBrown",5,19,"ControlBrown-019","Control","Control",FALSE,FALSE,TRUE,11,11.7586151161763,2015
"ControlBrown",1,20,"ControlBrown-020","Control","Control",FALSE,FALSE,TRUE,8,10.4580604258689,2011
"ControlBrown",2,20,"ControlBrown-020","Control","Control",FALSE,FALSE,TRUE,9,8.31034164172979,2012
"ControlBrown",3,20,"ControlBrown-020","Control","Control",FALSE,FALSE,TRUE,10,10.4280843693683,2013
"ControlBrown",4,20,"ControlBrown-020","Control","Control",FALSE,FALSE,TRUE,10.5,9.17409554655967,2014
"ControlBrown",5,20,"ControlBrown-020","Control","Control",FALSE,FALSE,TRUE,11,10.9470759617358,2015
"ControlBrown",1,21,"ControlBrown-021","Control","Control",FALSE,FALSE,TRUE,8,13.0947277390681,2011
"ControlBrown",2,21,"ControlBrown-021","Control","Control",FALSE,FALSE,TRUE,9,7.18595104976789,2012
"ControlBrown",3,21,"ControlBrown-021","Control","Control",FALSE,FALSE,TRUE,10,9.10357084981198,2013
"ControlBrown",4,21,"ControlBrown-021","Control","Control",FALSE,FALSE,TRUE,10.5,10.931079076918,2014
"ControlBrown",5,21,"ControlBrown-021","Control","Control",FALSE,FALSE,TRUE,11,10.9799412054955,2015
"ControlBrown",1,22,"ControlBrown-022","Control","Control",FALSE,FALSE,TRUE,8,10.2532079632457,2011
"ControlBrown",2,22,"ControlBrown-022","Control","Control",FALSE,FALSE,TRUE,9,7.6983232228115,2012
"ControlBrown",3,22,"ControlBrown-022","Control","Control",FALSE,FALSE,TRUE,10,8.22614119746273,2013
"ControlBrown",4,22,"ControlBrown-022","Control","Control",FALSE,FALSE,TRUE,10.5,10.4050721323549,2014
"ControlBrown",5,22,"ControlBrown-022","Control","Control",FALSE,FALSE,TRUE,11,11.250544551281,2015
"ControlBrown",1,23,"ControlBrown-023","Control","Control",FALSE,FALSE,TRUE,8,9.6008326791356,2011
"ControlBrown",2,23,"ControlBrown-023","Control","Control",FALSE,FALSE,TRUE,9,10.9704341831447,2012
"ControlBrown",3,23,"ControlBrown-023","Control","Control",FALSE,FALSE,TRUE,10,9.84380924694801,2013
"ControlBrown",4,23,"ControlBrown-023","Control","Control",FALSE,FALSE,TRUE,10.5,11.1164156026361,2014
"ControlBrown",5,23,"ControlBrown-023","Control","Control",FALSE,FALSE,TRUE,11,10.8888329981826,2015
"ControlBrown",1,24,"ControlBrown-024","Control","Control",FALSE,FALSE,TRUE,8,10.748814239023,2011
"ControlBrown",2,24,"ControlBrown-024","Control","Control",FALSE,FALSE,TRUE,9,9.13388605827906,2012
"ControlBrown",3,24,"ControlBrown-024","Control","Control",FALSE,FALSE,TRUE,10,10.8042555520575,2013
"ControlBrown",4,24,"ControlBrown-024","Control","Control",FALSE,FALSE,TRUE,10.5,11.1954641902819,2014
"ControlBrown",5,24,"ControlBrown-024","Control","Control",FALSE,FALSE,TRUE,11,9.50464459322562,2015
"ControlBrown",1,25,"ControlBrown-025","Control","Control",FALSE,FALSE,TRUE,8,9.19543931738252,2011
"ControlBrown",2,25,"ControlBrown-025","Control","Control",FALSE,FALSE,TRUE,9,8.8346098469631,2012
"ControlBrown",3,25,"ControlBrown-025","Control","Control",FALSE,FALSE,TRUE,10,9.622491910335,2013
"ControlBrown",4,25,"ControlBrown-025","Control","Control",FALSE,FALSE,TRUE,10.5,9.46766901986064,2014
"ControlBrown",5,25,"ControlBrown-025","Control","Control",FALSE,FALSE,TRUE,11,10.3994994445265,2015
"ControlBrown",1,26,"ControlBrown-026","Control","Control",FALSE,FALSE,TRUE,8,6.82522265628099,2011
"ControlBrown",2,26,"ControlBrown-026","Control","Control",FALSE,FALSE,TRUE,9,4.72110482226993,2012
"ControlBrown",3,26,"ControlBrown-026","Control","Control",FALSE,FALSE,TRUE,10,10.5525528554933,2013
"ControlBrown",4,26,"ControlBrown-026","Control","Control",FALSE,FALSE,TRUE,10.5,10.1144948941796,2014
"ControlBrown",5,26,"ControlBrown-026","Control","Control",FALSE,FALSE,TRUE,11,11.8627478414376,2015
"ControlBrown",1,27,"ControlBrown-027","Control","Control",FALSE,FALSE,TRUE,8,9.41923553179844,2011
"ControlBrown",2,27,"ControlBrown-027","Control","Control",FALSE,FALSE,TRUE,9,10.1382896623431,2012
"ControlBrown",3,27,"ControlBrown-027","Control","Control",FALSE,FALSE,TRUE,10,6.94374506066072,2013
"ControlBrown",4,27,"ControlBrown-027","Control","Control",FALSE,FALSE,TRUE,10.5,9.70054407879662,2014
"ControlBrown",5,27,"ControlBrown-027","Control","Control",FALSE,FALSE,TRUE,11,10.7971528924235,2015
"ControlBrown",1,28,"ControlBrown-028","Control","Control",FALSE,FALSE,TRUE,8,6.8517021205934,2011
"ControlBrown",2,28,"ControlBrown-028","Control","Control",FALSE,FALSE,TRUE,9,8.47217776659214,2012
"ControlBrown",3,28,"ControlBrown-028","Control","Control",FALSE,FALSE,TRUE,10,11.4957468441435,2013
"ControlBrown",4,28,"ControlBrown-028","Control","Control",FALSE,FALSE,TRUE,10.5,8.20060885736494,2014
"ControlBrown",5,28,"ControlBrown-028","Control","Control",FALSE,FALSE,TRUE,11,9.91193169247566,2015
"ControlBrown",1,29,"ControlBrown-029","Control","Control",FALSE,FALSE,TRUE,8,11.446314148266,2011
"ControlBrown",2,29,"ControlBrown-029","Control","Control",FALSE,FALSE,TRUE,9,9.39676364402616,2012
"ControlBrown",3,29,"ControlBrown-029","Control","Control",FALSE,FALSE,TRUE,10,10.607472137146,2013
"ControlBrown",4,29,"ControlBrown-029","Control","Control",FALSE,FALSE,TRUE,10.5,11.643334126045,2014
"ControlBrown",5,29,"ControlBrown-029","Control","Control",FALSE,FALSE,TRUE,11,10.8616716769228,2015
"ControlBrown",1,30,"ControlBrown-030","Control","Control",FALSE,FALSE,TRUE,8,9.93692379309228,2011
"ControlBrown",2,30,"ControlBrown-030","Control","Control",FALSE,FALSE,TRUE,9,9.46175479314761,2012
"ControlBrown",3,30,"ControlBrown-030","Control","Control",FALSE,FALSE,TRUE,10,9.5462658548799,2013
"ControlBrown",4,30,"ControlBrown-030","Control","Control",FALSE,FALSE,TRUE,10.5,9.2025624972663,2014
"ControlBrown",5,30,"ControlBrown-030","Control","Control",FALSE,FALSE,TRUE,11,10.9639200223511,2015
"ControlBrown",1,31,"ControlBrown-031","Control","Control",FALSE,FALSE,TRUE,8,8.14138528432248,2011
"ControlBrown",2,31,"ControlBrown-031","Control","Control",FALSE,FALSE,TRUE,9,9.33586297942752,2012
"ControlBrown",3,31,"ControlBrown-031","Control","Control",FALSE,FALSE,TRUE,10,8.83246106869162,2013
"ControlBrown",4,31,"ControlBrown-031","Control","Control",FALSE,FALSE,TRUE,10.5,9.84437347010763,2014
"ControlBrown",5,31,"ControlBrown-031","Control","Control",FALSE,FALSE,TRUE,11,10.7603813233198,2015
"ControlBrown",1,32,"ControlBrown-032","Control","Control",FALSE,FALSE,TRUE,8,7.42975406275284,2011
"ControlBrown",2,32,"ControlBrown-032","Control","Control",FALSE,FALSE,TRUE,9,10.2140118684634,2012
"ControlBrown",3,32,"ControlBrown-032","Control","Control",FALSE,FALSE,TRUE,10,10.1432284586456,2013
"ControlBrown",4,32,"ControlBrown-032","Control","Control",FALSE,FALSE,TRUE,10.5,11.4177188078989,2014
"ControlBrown",5,32,"ControlBrown-032","Control","Control",FALSE,FALSE,TRUE,11,11.972455470454,2015
"ControlBrown",1,33,"ControlBrown-033","Control","Control",FALSE,FALSE,TRUE,8,8.59632122370086,2011
"ControlBrown",2,33,"ControlBrown-033","Control","Control",FALSE,FALSE,TRUE,9,10.7215071037617,2012
"ControlBrown",3,33,"ControlBrown-033","Control","Control",FALSE,FALSE,TRUE,10,9.64616393437487,2013
"ControlBrown",4,33,"ControlBrown-033","Control","Control",FALSE,FALSE,TRUE,10.5,10.6474285960552,2014
"ControlBrown",5,33,"ControlBrown-033","Control","Control",FALSE,FALSE,TRUE,11,10.3964777502715,2015
"ControlBrown",1,34,"ControlBrown-034","Control","Control",FALSE,FALSE,TRUE,8,8.8236136786046,2011
"ControlBrown",2,34,"ControlBrown-034","Control","Control",FALSE,FALSE,TRUE,9,10.1869454543927,2012
"ControlBrown",3,34,"ControlBrown-034","Control","Control",FALSE,FALSE,TRUE,10,9.38575227681558,2013
"ControlBrown",4,34,"ControlBrown-034","Control","Control",FALSE,FALSE,TRUE,10.5,10.9777888286689,2014
"ControlBrown",5,34,"ControlBrown-034","Control","Control",FALSE,FALSE,TRUE,11,10.7987024381917,2015
"ControlBrown",1,35,"ControlBrown-035","Control","Control",FALSE,FALSE,TRUE,8,9.43798374138749,2011
"ControlBrown",2,35,"ControlBrown-035","Control","Control",FALSE,FALSE,TRUE,9,10.918804639486,2012
"ControlBrown",3,35,"ControlBrown-035","Control","Control",FALSE,FALSE,TRUE,10,10.3183169134858,2013
"ControlBrown",4,35,"ControlBrown-035","Control","Control",FALSE,FALSE,TRUE,10.5,7.37233295339351,2014
"ControlBrown",5,35,"ControlBrown-035","Control","Control",FALSE,FALSE,TRUE,11,10.6193377438858,2015
"ControlBrown",1,36,"ControlBrown-036","Control","Control",FALSE,FALSE,TRUE,8,4.5847763944256,2011
"ControlBrown",2,36,"ControlBrown-036","Control","Control",FALSE,FALSE,TRUE,9,9.89524497535197,2012
"ControlBrown",3,36,"ControlBrown-036","Control","Control",FALSE,FALSE,TRUE,10,9.40826507990574,2013
"ControlBrown",4,36,"ControlBrown-036","Control","Control",FALSE,FALSE,TRUE,10.5,10.3573831262152,2014
"ControlBrown",5,36,"ControlBrown-036","Control","Control",FALSE,FALSE,TRUE,11,11.3137537129426,2015
"ControlBrown",1,37,"ControlBrown-037","Control","Control",FALSE,FALSE,TRUE,8,6.27647054516676,2011
"ControlBrown",2,37,"ControlBrown-037","Control","Control",FALSE,FALSE,TRUE,9,9.73784758770783,2012
"ControlBrown",3,37,"ControlBrown-037","Control","Control",FALSE,FALSE,TRUE,10,8.69460952162719,2013
"ControlBrown",4,37,"ControlBrown-037","Control","Control",FALSE,FALSE,TRUE,10.5,9.22623771345443,2014
"ControlBrown",5,37,"ControlBrown-037","Control","Control",FALSE,FALSE,TRUE,11,13.0245071938839,2015
"ControlBrown",1,38,"ControlBrown-038","Control","Control",FALSE,FALSE,TRUE,8,4.75231948439231,2011
"ControlBrown",2,38,"ControlBrown-038","Control","Control",FALSE,FALSE,TRUE,9,6.32618461862458,2012
"ControlBrown",3,38,"ControlBrown-038","Control","Control",FALSE,FALSE,TRUE,10,10.8175585089685,2013
"ControlBrown",4,38,"ControlBrown-038","Control","Control",FALSE,FALSE,TRUE,10.5,9.94971932070889,2014
"ControlBrown",5,38,"ControlBrown-038","Control","Control",FALSE,FALSE,TRUE,11,10.1807766696075,2015
"ControlBrown",1,39,"ControlBrown-039","Control","Control",FALSE,FALSE,TRUE,8,9.12233416197726,2011
"ControlBrown",2,39,"ControlBrown-039","Control","Control",FALSE,FALSE,TRUE,9,9.78290109396715,2012
"ControlBrown",3,39,"ControlBrown-039","Control","Control",FALSE,FALSE,TRUE,10,8.51061149759521,2013
"ControlBrown",4,39,"ControlBrown-039","Control","Control",FALSE,FALSE,TRUE,10.5,9.07637597534813,2014
"ControlBrown",5,39,"ControlBrown-039","Control","Control",FALSE,FALSE,TRUE,11,10.3120431192894,2015
"ControlBrown",1,40,"ControlBrown-040","Control","Control",FALSE,FALSE,TRUE,8,8.50941169704013,2011
"ControlBrown",2,40,"ControlBrown-040","Control","Control",FALSE,FALSE,TRUE,9,7.8966371287931,2012
"ControlBrown",3,40,"ControlBrown-040","Control","Control",FALSE,FALSE,TRUE,10,10.0296001013602,2013
"ControlBrown",4,40,"ControlBrown-040","Control","Control",FALSE,FALSE,TRUE,10.5,8.80601435121215,2014
"ControlBrown",5,40,"ControlBrown-040","Control","Control",FALSE,FALSE,TRUE,11,10.5247445119121,2015
"ControlBrown",1,41,"ControlBrown-041","Control","Control",FALSE,FALSE,TRUE,8,8.89720895448803,2011
"ControlBrown",2,41,"ControlBrown-041","Control","Control",FALSE,FALSE,TRUE,9,8.11133798575185,2012
"ControlBrown",3,41,"ControlBrown-041","Control","Control",FALSE,FALSE,TRUE,10,9.77547063148846,2013
"ControlBrown",4,41,"ControlBrown-041","Control","Control",FALSE,FALSE,TRUE,10.5,12.4994277335643,2014
"ControlBrown",5,41,"ControlBrown-041","Control","Control",FALSE,FALSE,TRUE,11,10.5020751665695,2015
"ControlBrown",1,42,"ControlBrown-042","Control","Control",FALSE,FALSE,TRUE,8,7.07499200686054,2011
"ControlBrown",2,42,"ControlBrown-042","Control","Control",FALSE,FALSE,TRUE,9,11.8981750587076,2012
"ControlBrown",3,42,"ControlBrown-042","Control","Control",FALSE,FALSE,TRUE,10,9.03671253324474,2013
"ControlBrown",4,42,"ControlBrown-042","Control","Control",FALSE,FALSE,TRUE,10.5,10.3662926101883,2014
"ControlBrown",5,42,"ControlBrown-042","Control","Control",FALSE,FALSE,TRUE,11,11.6290488290905,2015
"ControlBrown",1,43,"ControlBrown-043","Control","Control",FALSE,FALSE,TRUE,8,8.46906130346224,2011
"ControlBrown",2,43,"ControlBrown-043","Control","Control",FALSE,FALSE,TRUE,9,9.99503765288744,2012
"ControlBrown",3,43,"ControlBrown-043","Control","Control",FALSE,FALSE,TRUE,10,8.52992915789736,2013
"ControlBrown",4,43,"ControlBrown-043","Control","Control",FALSE,FALSE,TRUE,10.5,11.881081928024,2014
"ControlBrown",5,43,"ControlBrown-043","Control","Control",FALSE,FALSE,TRUE,11,10.5284574206494,2015
"ControlBrown",1,44,"ControlBrown-044","Control","Control",FALSE,FALSE,TRUE,8,5.68891891457814,2011
"ControlBrown",2,44,"ControlBrown-044","Control","Control",FALSE,FALSE,TRUE,9,10.4618713035227,2012
"ControlBrown",3,44,"ControlBrown-044","Control","Control",FALSE,FALSE,TRUE,10,9.57490217427448,2013
"ControlBrown",4,44,"ControlBrown-044","Control","Control",FALSE,FALSE,TRUE,10.5,9.74181036007792,2014
"ControlBrown",5,44,"ControlBrown-044","Control","Control",FALSE,FALSE,TRUE,11,10.4299883303672,2015
"ControlBrown",1,45,"ControlBrown-045","Control","Control",FALSE,FALSE,TRUE,8,4.23289658489751,2011
"ControlBrown",2,45,"ControlBrown-045","Control","Control",FALSE,FALSE,TRUE,9,9.26253906992921,2012
"ControlBrown",3,45,"ControlBrown-045","Control","Control",FALSE,FALSE,TRUE,10,10.1017742024619,2013
"ControlBrown",4,45,"ControlBrown-045","Control","Control",FALSE,FALSE,TRUE,10.5,10.0477186125669,2014
"ControlBrown",5,45,"ControlBrown-045","Control","Control",FALSE,FALSE,TRUE,11,11.7206576897894,2015
"ControlBrown",1,46,"ControlBrown-046","Control","Control",FALSE,FALSE,TRUE,8,8.13248010354499,2011
"ControlBrown",2,46,"ControlBrown-046","Control","Control",FALSE,FALSE,TRUE,9,10.0129723577109,2012
"ControlBrown",3,46,"ControlBrown-046","Control","Control",FALSE,FALSE,TRUE,10,10.3108668601017,2013
"ControlBrown",4,46,"ControlBrown-046","Control","Control",FALSE,FALSE,TRUE,10.5,10.9563417880294,2014
"ControlBrown",5,46,"ControlBrown-046","Control","Control",FALSE,FALSE,TRUE,11,11.8065500779367,2015
"ControlBrown",1,47,"ControlBrown-047","Control","Control",FALSE,FALSE,TRUE,8,7.36072836275129,2011
"ControlBrown",2,47,"ControlBrown-047","Control","Control",FALSE,FALSE,TRUE,9,9.42469582260792,2012
"ControlBrown",3,47,"ControlBrown-047","Control","Control",FALSE,FALSE,TRUE,10,9.36533728123052,2013
"ControlBrown",4,47,"ControlBrown-047","Control","Control",FALSE,FALSE,TRUE,10.5,9.61904127565492,2014
"ControlBrown",5,47,"ControlBrown-047","Control","Control",FALSE,FALSE,TRUE,11,11.3960050133422,2015
"ControlBrown",1,48,"ControlBrown-048","Control","Control",FALSE,FALSE,TRUE,8,8.72943457032265,2011
"ControlBrown",2,48,"ControlBrown-048","Control","Control",FALSE,FALSE,TRUE,9,8.9164122768282,2012
"ControlBrown",3,48,"ControlBrown-048","Control","Control",FALSE,FALSE,TRUE,10,11.0514850310218,2013
"ControlBrown",4,48,"ControlBrown-048","Control","Control",FALSE,FALSE,TRUE,10.5,8.4513219355346,2014
"ControlBrown",5,48,"ControlBrown-048","Control","Control",FALSE,FALSE,TRUE,11,12.3727876629068,2015
"ControlBrown",1,49,"ControlBrown-049","Control","Control",FALSE,FALSE,TRUE,8,9.25617424721385,2011
"ControlBrown",2,49,"ControlBrown-049","Control","Control",FALSE,FALSE,TRUE,9,9.54118779268855,2012
"ControlBrown",3,49,"ControlBrown-049","Control","Control",FALSE,FALSE,TRUE,10,9.56547395424251,2013
"ControlBrown",4,49,"ControlBrown-049","Control","Control",FALSE,FALSE,TRUE,10.5,10.9496850246913,2014
"ControlBrown",5,49,"ControlBrown-049","Control","Control",FALSE,FALSE,TRUE,11,12.2197268964656,2015
"ControlBrown",1,50,"ControlBrown-050","Control","Control",FALSE,FALSE,TRUE,8,8.68950451745927,2011
"ControlBrown",2,50,"ControlBrown-050","Control","Control",FALSE,FALSE,TRUE,9,7.73475039647633,2012
"ControlBrown",3,50,"ControlBrown-050","Control","Control",FALSE,FALSE,TRUE,10,10.2049460784275,2013
"ControlBrown",4,50,"ControlBrown-050","Control","Control",FALSE,FALSE,TRUE,10.5,9.34252944530698,2014
"ControlBrown",5,50,"ControlBrown-050","Control","Control",FALSE,FALSE,TRUE,11,11.2067859583577,2015
"ControlGreen",1,1,"ControlGreen-001","Control","Control",FALSE,FALSE,FALSE,8,6.31703124946662,2011
"ControlGreen",2,1,"ControlGreen-001","Control","Control",FALSE,FALSE,FALSE,9,11.4934281702883,2012
"ControlGreen",3,1,"ControlGreen-001","Control","Control",FALSE,FALSE,FALSE,10,10.0251780936704,2013
"ControlGreen",4,1,"ControlGreen-001","Control","Control",FALSE,FALSE,FALSE,11,10.218320357474,2014
"ControlGreen",5,1,"ControlGreen-001","Control","Control",FALSE,FALSE,FALSE,12,13.195206764338,2015
"ControlGreen",1,2,"ControlGreen-002","Control","Control",FALSE,FALSE,FALSE,8,10.1575107314278,2011
"ControlGreen",2,2,"ControlGreen-002","Control","Control",FALSE,FALSE,FALSE,9,9.54829860972596,2012
"ControlGreen",3,2,"ControlGreen-002","Control","Control",FALSE,FALSE,FALSE,10,10.360734959015,2013
"ControlGreen",4,2,"ControlGreen-002","Control","Control",FALSE,FALSE,FALSE,11,11.5512325073447,2014
"ControlGreen",5,2,"ControlGreen-002","Control","Control",FALSE,FALSE,FALSE,12,11.1946122520875,2015
"ControlGreen",1,3,"ControlGreen-003","Control","Control",FALSE,FALSE,FALSE,8,7.04168857843062,2011
"ControlGreen",2,3,"ControlGreen-003","Control","Control",FALSE,FALSE,FALSE,9,7.92885716026968,2012
"ControlGreen",3,3,"ControlGreen-003","Control","Control",FALSE,FALSE,FALSE,10,8.77723957224364,2013
"ControlGreen",4,3,"ControlGreen-003","Control","Control",FALSE,FALSE,FALSE,11,12.010797596035,2014
"ControlGreen",5,3,"ControlGreen-003","Control","Control",FALSE,FALSE,FALSE,12,13.2421909995163,2015
"ControlGreen",1,4,"ControlGreen-004","Control","Control",FALSE,FALSE,FALSE,8,7.27548533782711,2011
"ControlGreen",2,4,"ControlGreen-004","Control","Control",FALSE,FALSE,FALSE,9,9.54615950279881,2012
"ControlGreen",3,4,"ControlGreen-004","Control","Control",FALSE,FALSE,FALSE,10,10.7008287087052,2013
"ControlGreen",4,4,"ControlGreen-004","Control","Control",FALSE,FALSE,FALSE,11,12.8009772498069,2014
"ControlGreen",5,4,"ControlGreen-004","Control","Control",FALSE,FALSE,FALSE,12,12.9683429936106,2015
"ControlGreen",1,5,"ControlGreen-005","Control","Control",FALSE,FALSE,FALSE,8,6.61908968150222,2011
"ControlGreen",2,5,"ControlGreen-005","Control","Control",FALSE,FALSE,FALSE,9,8.55019269297099,2012
"ControlGreen",3,5,"ControlGreen-005","Control","Control",FALSE,FALSE,FALSE,10,8.93482059732028,2013
"ControlGreen",4,5,"ControlGreen-005","Control","Control",FALSE,FALSE,FALSE,11,9.76744048947438,2014
"ControlGreen",5,5,"ControlGreen-005","Control","Control",FALSE,FALSE,FALSE,12,11.079390864764,2015
"ControlGreen",1,6,"ControlGreen-006","Control","Control",FALSE,FALSE,FALSE,8,7.02865264167069,2011
"ControlGreen",2,6,"ControlGreen-006","Control","Control",FALSE,FALSE,FALSE,9,8.22532194988763,2012
"ControlGreen",3,6,"ControlGreen-006","Control","Control",FALSE,FALSE,FALSE,10,9.239617610088,2013
"ControlGreen",4,6,"ControlGreen-006","Control","Control",FALSE,FALSE,FALSE,11,13.7353219660375,2014
"ControlGreen",5,6,"ControlGreen-006","Control","Control",FALSE,FALSE,FALSE,12,11.3299300232569,2015
"ControlGreen",1,7,"ControlGreen-007","Control","Control",FALSE,FALSE,FALSE,8,6.90937618295899,2011
"ControlGreen",2,7,"ControlGreen-007","Control","Control",FALSE,FALSE,FALSE,9,7.26324918852093,2012
"ControlGreen",3,7,"ControlGreen-007","Control","Control",FALSE,FALSE,FALSE,10,10.2453467849852,2013
"ControlGreen",4,7,"ControlGreen-007","Control","Control",FALSE,FALSE,FALSE,11,10.915358913115,2014
"ControlGreen",5,7,"ControlGreen-007","Control","Control",FALSE,FALSE,FALSE,12,11.4659250351005,2015
"ControlGreen",1,8,"ControlGreen-008","Control","Control",FALSE,FALSE,FALSE,8,9.56461077449373,2011
"ControlGreen",2,8,"ControlGreen-008","Control","Control",FALSE,FALSE,FALSE,9,9.40397407492988,2012
"ControlGreen",3,8,"ControlGreen-008","Control","Control",FALSE,FALSE,FALSE,10,12.5028876033637,2013
"ControlGreen",4,8,"ControlGreen-008","Control","Control",FALSE,FALSE,FALSE,11,12.8173385142421,2014
"ControlGreen",5,8,"ControlGreen-008","Control","Control",FALSE,FALSE,FALSE,12,9.56913944227512,2015
"ControlGreen",1,9,"ControlGreen-009","Control","Control",FALSE,FALSE,FALSE,8,8.22406832712642,2011
"ControlGreen",2,9,"ControlGreen-009","Control","Control",FALSE,FALSE,FALSE,9,7.47301048659535,2012
"ControlGreen",3,9,"ControlGreen-009","Control","Control",FALSE,FALSE,FALSE,10,8.98386863130215,2013
"ControlGreen",4,9,"ControlGreen-009","Control","Control",FALSE,FALSE,FALSE,11,10.3176615458867,2014
"ControlGreen",5,9,"ControlGreen-009","Control","Control",FALSE,FALSE,FALSE,12,11.6848747380334,2015
"ControlGreen",1,10,"ControlGreen-010","Control","Control",FALSE,FALSE,FALSE,8,7.9464658390908,2011
"ControlGreen",2,10,"ControlGreen-010","Control","Control",FALSE,FALSE,FALSE,9,8.68922906460347,2012
"ControlGreen",3,10,"ControlGreen-010","Control","Control",FALSE,FALSE,FALSE,10,9.8687677783027,2013
"ControlGreen",4,10,"ControlGreen-010","Control","Control",FALSE,FALSE,FALSE,11,12.5197506667648,2014
"ControlGreen",5,10,"ControlGreen-010","Control","Control",FALSE,FALSE,FALSE,12,10.8271324307022,2015
"ControlGreen",1,11,"ControlGreen-011","Control","Control",FALSE,FALSE,FALSE,8,8.94222362146181,2011
"ControlGreen",2,11,"ControlGreen-011","Control","Control",FALSE,FALSE,FALSE,9,9.54212402643371,2012
"ControlGreen",3,11,"ControlGreen-011","Control","Control",FALSE,FALSE,FALSE,10,9.04894291013081,2013
"ControlGreen",4,11,"ControlGreen-011","Control","Control",FALSE,FALSE,FALSE,11,12.6093985976513,2014
"ControlGreen",5,11,"ControlGreen-011","Control","Control",FALSE,FALSE,FALSE,12,9.34772278003982,2015
"ControlGreen",1,12,"ControlGreen-012","Control","Control",FALSE,FALSE,FALSE,8,6.6194157552642,2011
"ControlGreen",2,12,"ControlGreen-012","Control","Control",FALSE,FALSE,FALSE,9,7.37789000208694,2012
"ControlGreen",3,12,"ControlGreen-012","Control","Control",FALSE,FALSE,FALSE,10,11.4904143742929,2013
"ControlGreen",4,12,"ControlGreen-012","Control","Control",FALSE,FALSE,FALSE,11,9.64800929778497,2014
"ControlGreen",5,12,"ControlGreen-012","Control","Control",FALSE,FALSE,FALSE,12,12.2860744202906,2015
"ControlGreen",1,13,"ControlGreen-013","Control","Control",FALSE,FALSE,FALSE,8,6.64691226860186,2011
"ControlGreen",2,13,"ControlGreen-013","Control","Control",FALSE,FALSE,FALSE,9,8.47007468068121,2012
"ControlGreen",3,13,"ControlGreen-013","Control","Control",FALSE,FALSE,FALSE,10,8.22142782269238,2013
"ControlGreen",4,13,"ControlGreen-013","Control","Control",FALSE,FALSE,FALSE,11,12.8018080920548,2014
"ControlGreen",5,13,"ControlGreen-013","Control","Control",FALSE,FALSE,FALSE,12,11.0414153588191,2015
"ControlGreen",1,14,"ControlGreen-014","Control","Control",FALSE,FALSE,FALSE,8,10.3813689258595,2011
"ControlGreen",2,14,"ControlGreen-014","Control","Control",FALSE,FALSE,FALSE,9,7.5125606961946,2012
"ControlGreen",3,14,"ControlGreen-014","Control","Control",FALSE,FALSE,FALSE,10,9.34823275768624,2013
"ControlGreen",4,14,"ControlGreen-014","Control","Control",FALSE,FALSE,FALSE,11,12.8579206290635,2014
"ControlGreen",5,14,"ControlGreen-014","Control","Control",FALSE,FALSE,FALSE,12,12.5977300548941,2015
"ControlGreen",1,15,"ControlGreen-015","Control","Control",FALSE,FALSE,FALSE,8,8.83244793437762,2011
"ControlGreen",2,15,"ControlGreen-015","Control","Control",FALSE,FALSE,FALSE,9,9.45919693363976,2012
"ControlGreen",3,15,"ControlGreen-015","Control","Control",FALSE,FALSE,FALSE,10,9.53891566741899,2013
"ControlGreen",4,15,"ControlGreen-015","Control","Control",FALSE,FALSE,FALSE,11,9.25443778243494,2014
"ControlGreen",5,15,"ControlGreen-015","Control","Control",FALSE,FALSE,FALSE,12,10.6740108704498,2015
"ControlGreen",1,16,"ControlGreen-016","Control","Control",FALSE,FALSE,FALSE,8,14.0415220140308,2011
"ControlGreen",2,16,"ControlGreen-016","Control","Control",FALSE,FALSE,FALSE,9,6.58524499180356,2012
"ControlGreen",3,16,"ControlGreen-016","Control","Control",FALSE,FALSE,FALSE,10,8.59133383355989,2013
"ControlGreen",4,16,"ControlGreen-016","Control","Control",FALSE,FALSE,FALSE,11,9.51575451496491,2014
"ControlGreen",5,16,"ControlGreen-016","Control","Control",FALSE,FALSE,FALSE,12,12.9735454020529,2015
"ControlGreen",1,17,"ControlGreen-017","Control","Control",FALSE,FALSE,FALSE,8,9.03067104095287,2011
"ControlGreen",2,17,"ControlGreen-017","Control","Control",FALSE,FALSE,FALSE,9,9.72233925076948,2012
"ControlGreen",3,17,"ControlGreen-017","Control","Control",FALSE,FALSE,FALSE,10,10.6635193404147,2013
"ControlGreen",4,17,"ControlGreen-017","Control","Control",FALSE,FALSE,FALSE,11,9.02576996535941,2014
"ControlGreen",5,17,"ControlGreen-017","Control","Control",FALSE,FALSE,FALSE,12,11.0854853895954,2015
"ControlGreen",1,18,"ControlGreen-018","Control","Control",FALSE,FALSE,FALSE,8,6.7754904494539,2011
"ControlGreen",2,18,"ControlGreen-018","Control","Control",FALSE,FALSE,FALSE,9,7.59546365895767,2012
"ControlGreen",3,18,"ControlGreen-018","Control","Control",FALSE,FALSE,FALSE,10,10.2964272749171,2013
"ControlGreen",4,18,"ControlGreen-018","Control","Control",FALSE,FALSE,FALSE,11,9.37971989537935,2014
"ControlGreen",5,18,"ControlGreen-018","Control","Control",FALSE,FALSE,FALSE,12,11.8123932863152,2015
"ControlGreen",1,19,"ControlGreen-019","Control","Control",FALSE,FALSE,FALSE,8,6.643404675156,2011
"ControlGreen",2,19,"ControlGreen-019","Control","Control",FALSE,FALSE,FALSE,9,9.18713523426383,2012
"ControlGreen",3,19,"ControlGreen-019","Control","Control",FALSE,FALSE,FALSE,10,9.32062117531433,2013
"ControlGreen",4,19,"ControlGreen-019","Control","Control",FALSE,FALSE,FALSE,11,11.1719756430515,2014
"ControlGreen",5,19,"ControlGreen-019","Control","Control",FALSE,FALSE,FALSE,12,13.0668602149718,2015
"ControlGreen",1,20,"ControlGreen-020","Control","Control",FALSE,FALSE,FALSE,8,7.64727587736789,2011
"ControlGreen",2,20,"ControlGreen-020","Control","Control",FALSE,FALSE,FALSE,9,7.21926487216007,2012
"ControlGreen",3,20,"ControlGreen-020","Control","Control",FALSE,FALSE,FALSE,10,11.2821395234002,2013
"ControlGreen",4,20,"ControlGreen-020","Control","Control",FALSE,FALSE,FALSE,11,7.79398214752775,2014
"ControlGreen",5,20,"ControlGreen-020","Control","Control",FALSE,FALSE,FALSE,12,12.9871168486642,2015
"ControlGreen",1,21,"ControlGreen-021","Control","Control",FALSE,FALSE,FALSE,8,7.13923725112075,2011
"ControlGreen",2,21,"ControlGreen-021","Control","Control",FALSE,FALSE,FALSE,9,10.6015597062239,2012
"ControlGreen",3,21,"ControlGreen-021","Control","Control",FALSE,FALSE,FALSE,10,10.2400849796465,2013
"ControlGreen",4,21,"ControlGreen-021","Control","Control",FALSE,FALSE,FALSE,11,13.0841154840186,2014
"ControlGreen",5,21,"ControlGreen-021","Control","Control",FALSE,FALSE,FALSE,12,13.4664851323618,2015
"ControlGreen",1,22,"ControlGreen-022","Control","Control",FALSE,FALSE,FALSE,8,8.77644170562464,2011
"ControlGreen",2,22,"ControlGreen-022","Control","Control",FALSE,FALSE,FALSE,9,11.5012963215249,2012
"ControlGreen",3,22,"ControlGreen-022","Control","Control",FALSE,FALSE,FALSE,10,11.0914764347058,2013
"ControlGreen",4,22,"ControlGreen-022","Control","Control",FALSE,FALSE,FALSE,11,10.5698007861479,2014
"ControlGreen",5,22,"ControlGreen-022","Control","Control",FALSE,FALSE,FALSE,12,9.11490228211626,2015
"ControlGreen",1,23,"ControlGreen-023","Control","Control",FALSE,FALSE,FALSE,8,5.9021809672843,2011
"ControlGreen",2,23,"ControlGreen-023","Control","Control",FALSE,FALSE,FALSE,9,5.08402813710598,2012
"ControlGreen",3,23,"ControlGreen-023","Control","Control",FALSE,FALSE,FALSE,10,10.7449720769885,2013
"ControlGreen",4,23,"ControlGreen-023","Control","Control",FALSE,FALSE,FALSE,11,9.93639883566456,2014
"ControlGreen",5,23,"ControlGreen-023","Control","Control",FALSE,FALSE,FALSE,12,13.1539833209917,2015
"ControlGreen",1,24,"ControlGreen-024","Control","Control",FALSE,FALSE,FALSE,8,5.45733028796966,2011
"ControlGreen",2,24,"ControlGreen-024","Control","Control",FALSE,FALSE,FALSE,9,8.15356476870562,2012
"ControlGreen",3,24,"ControlGreen-024","Control","Control",FALSE,FALSE,FALSE,10,10.6483548038044,2013
"ControlGreen",4,24,"ControlGreen-024","Control","Control",FALSE,FALSE,FALSE,11,13.0818547276535,2014
"ControlGreen",5,24,"ControlGreen-024","Control","Control",FALSE,FALSE,FALSE,12,13.3530808366416,2015
"ControlGreen",1,25,"ControlGreen-025","Control","Control",FALSE,FALSE,FALSE,8,3.25593898242416,2011
"ControlGreen",2,25,"ControlGreen-025","Control","Control",FALSE,FALSE,FALSE,9,9.19025504608185,2012
"ControlGreen",3,25,"ControlGreen-025","Control","Control",FALSE,FALSE,FALSE,10,9.89897158553171,2013
"ControlGreen",4,25,"ControlGreen-025","Control","Control",FALSE,FALSE,FALSE,11,10.2815540513822,2014
"ControlGreen",5,25,"ControlGreen-025","Control","Control",FALSE,FALSE,FALSE,12,11.3182060632712,2015
"ControlGreen",1,26,"ControlGreen-026","Control","Control",FALSE,FALSE,FALSE,8,8.60842369823582,2011
"ControlGreen",2,26,"ControlGreen-026","Control","Control",FALSE,FALSE,FALSE,9,9.27614531262214,2012
"ControlGreen",3,26,"ControlGreen-026","Control","Control",FALSE,FALSE,FALSE,10,10.2968565227866,2013
"ControlGreen",4,26,"ControlGreen-026","Control","Control",FALSE,FALSE,FALSE,11,11.1598576470298,2014
"ControlGreen",5,26,"ControlGreen-026","Control","Control",FALSE,FALSE,FALSE,12,10.4990653068744,2015
"ControlGreen",1,27,"ControlGreen-027","Control","Control",FALSE,FALSE,FALSE,8,7.85272890239361,2011
"ControlGreen",2,27,"ControlGreen-027","Control","Control",FALSE,FALSE,FALSE,9,9.32233933253995,2012
"ControlGreen",3,27,"ControlGreen-027","Control","Control",FALSE,FALSE,FALSE,10,9.77824104850709,2013
"ControlGreen",4,27,"ControlGreen-027","Control","Control",FALSE,FALSE,FALSE,11,10.9489512407974,2014
"ControlGreen",5,27,"ControlGreen-027","Control","Control",FALSE,FALSE,FALSE,12,10.9540475003535,2015
"ControlGreen",1,28,"ControlGreen-028","Control","Control",FALSE,FALSE,FALSE,8,10.8084131451177,2011
"ControlGreen",2,28,"ControlGreen-028","Control","Control",FALSE,FALSE,FALSE,9,8.79788684300088,2012
"ControlGreen",3,28,"ControlGreen-028","Control","Control",FALSE,FALSE,FALSE,10,11.3238660285344,2013
"ControlGreen",4,28,"ControlGreen-028","Control","Control",FALSE,FALSE,FALSE,11,9.65680653921553,2014
"ControlGreen",5,28,"ControlGreen-028","Control","Control",FALSE,FALSE,FALSE,12,13.9148781571148,2015
"ControlGreen",1,29,"ControlGreen-029","Control","Control",FALSE,FALSE,FALSE,8,9.1617776316582,2011
"ControlGreen",2,29,"ControlGreen-029","Control","Control",FALSE,FALSE,FALSE,9,9.25133764849753,2012
"ControlGreen",3,29,"ControlGreen-029","Control","Control",FALSE,FALSE,FALSE,10,9.1777116844679,2013
"ControlGreen",4,29,"ControlGreen-029","Control","Control",FALSE,FALSE,FALSE,11,11.983405796884,2014
"ControlGreen",5,29,"ControlGreen-029","Control","Control",FALSE,FALSE,FALSE,12,11.1333709624583,2015
"ControlGreen",1,30,"ControlGreen-030","Control","Control",FALSE,FALSE,FALSE,8,6.58537131246117,2011
"ControlGreen",2,30,"ControlGreen-030","Control","Control",FALSE,FALSE,FALSE,9,9.00877191921934,2012
"ControlGreen",3,30,"ControlGreen-030","Control","Control",FALSE,FALSE,FALSE,10,11.3363567618057,2013
"ControlGreen",4,30,"ControlGreen-030","Control","Control",FALSE,FALSE,FALSE,11,13.8859316032107,2014
"ControlGreen",5,30,"ControlGreen-030","Control","Control",FALSE,FALSE,FALSE,12,11.9070835724296,2015
"ControlGreen",1,31,"ControlGreen-031","Control","Control",FALSE,FALSE,FALSE,8,8.28580564199834,2011
"ControlGreen",2,31,"ControlGreen-031","Control","Control",FALSE,FALSE,FALSE,9,8.07087850415323,2012
"ControlGreen",3,31,"ControlGreen-031","Control","Control",FALSE,FALSE,FALSE,10,7.79967180686911,2013
"ControlGreen",4,31,"ControlGreen-031","Control","Control",FALSE,FALSE,FALSE,11,10.3902943563285,2014
"ControlGreen",5,31,"ControlGreen-031","Control","Control",FALSE,FALSE,FALSE,12,12.0398134561479,2015
"ControlGreen",1,32,"ControlGreen-032","Control","Control",FALSE,FALSE,FALSE,8,7.92993113926236,2011
"ControlGreen",2,32,"ControlGreen-032","Control","Control",FALSE,FALSE,FALSE,9,8.49616605443396,2012
"ControlGreen",3,32,"ControlGreen-032","Control","Control",FALSE,FALSE,FALSE,10,10.530614070762,2013
"ControlGreen",4,32,"ControlGreen-032","Control","Control",FALSE,FALSE,FALSE,11,11.1551590285824,2014
"ControlGreen",5,32,"ControlGreen-032","Control","Control",FALSE,FALSE,FALSE,12,8.68331381538359,2015
"ControlGreen",1,33,"ControlGreen-033","Control","Control",FALSE,FALSE,FALSE,8,7.22215357324103,2011
"ControlGreen",2,33,"ControlGreen-033","Control","Control",FALSE,FALSE,FALSE,9,8.83090357328952,2012
"ControlGreen",3,33,"ControlGreen-033","Control","Control",FALSE,FALSE,FALSE,10,11.1533868959789,2013
"ControlGreen",4,33,"ControlGreen-033","Control","Control",FALSE,FALSE,FALSE,11,9.34337819326862,2014
"ControlGreen",5,33,"ControlGreen-033","Control","Control",FALSE,FALSE,FALSE,12,13.6683141291999,2015
"ControlGreen",1,34,"ControlGreen-034","Control","Control",FALSE,FALSE,FALSE,8,6.25784259319164,2011
"ControlGreen",2,34,"ControlGreen-034","Control","Control",FALSE,FALSE,FALSE,9,10.0762666208905,2012
"ControlGreen",3,34,"ControlGreen-034","Control","Control",FALSE,FALSE,FALSE,10,10.0922184681609,2013
"ControlGreen",4,34,"ControlGreen-034","Control","Control",FALSE,FALSE,FALSE,11,12.4079929751305,2014
"ControlGreen",5,34,"ControlGreen-034","Control","Control",FALSE,FALSE,FALSE,12,12.1883759257717,2015
"ControlGreen",1,35,"ControlGreen-035","Control","Control",FALSE,FALSE,FALSE,8,7.19963617848975,2011
"ControlGreen",2,35,"ControlGreen-035","Control","Control",FALSE,FALSE,FALSE,9,7.68652903180919,2012
"ControlGreen",3,35,"ControlGreen-035","Control","Control",FALSE,FALSE,FALSE,10,11.4722255559668,2013
"ControlGreen",4,35,"ControlGreen-035","Control","Control",FALSE,FALSE,FALSE,11,11.1008564495728,2014
"ControlGreen",5,35,"ControlGreen-035","Control","Control",FALSE,FALSE,FALSE,12,12.5912503599347,2015
"ControlGreen",1,36,"ControlGreen-036","Control","Control",FALSE,FALSE,FALSE,8,3.91628101057388,2011
"ControlGreen",2,36,"ControlGreen-036","Control","Control",FALSE,FALSE,FALSE,9,6.43721272176845,2012
"ControlGreen",3,36,"ControlGreen-036","Control","Control",FALSE,FALSE,FALSE,10,10.7870508077938,2013
"ControlGreen",4,36,"ControlGreen-036","Control","Control",FALSE,FALSE,FALSE,11,11.4841217875114,2014
"ControlGreen",5,36,"ControlGreen-036","Control","Control",FALSE,FALSE,FALSE,12,13.4096826393803,2015
"ControlGreen",1,37,"ControlGreen-037","Control","Control",FALSE,FALSE,FALSE,8,9.33287601129615,2011
"ControlGreen",2,37,"ControlGreen-037","Control","Control",FALSE,FALSE,FALSE,9,7.26202603838113,2012
"ControlGreen",3,37,"ControlGreen-037","Control","Control",FALSE,FALSE,FALSE,10,9.57221538874179,2013
"ControlGreen",4,37,"ControlGreen-037","Control","Control",FALSE,FALSE,FALSE,11,10.4844928407433,2014
"ControlGreen",5,37,"ControlGreen-037","Control","Control",FALSE,FALSE,FALSE,12,14.1411364342335,2015
"ControlGreen",1,38,"ControlGreen-038","Control","Control",FALSE,FALSE,FALSE,8,8.00683908498315,2011
"ControlGreen",2,38,"ControlGreen-038","Control","Control",FALSE,FALSE,FALSE,9,7.74041683174516,2012
"ControlGreen",3,38,"ControlGreen-038","Control","Control",FALSE,FALSE,FALSE,10,10.1943352777683,2013
"ControlGreen",4,38,"ControlGreen-038","Control","Control",FALSE,FALSE,FALSE,11,10.6556429196006,2014
"ControlGreen",5,38,"ControlGreen-038","Control","Control",FALSE,FALSE,FALSE,12,13.1538774533065,2015
"ControlGreen",1,39,"ControlGreen-039","Control","Control",FALSE,FALSE,FALSE,8,5.86092640948559,2011
"ControlGreen",2,39,"ControlGreen-039","Control","Control",FALSE,FALSE,FALSE,9,6.34860459447684,2012
"ControlGreen",3,39,"ControlGreen-039","Control","Control",FALSE,FALSE,FALSE,10,11.0323216636836,2013
"ControlGreen",4,39,"ControlGreen-039","Control","Control",FALSE,FALSE,FALSE,11,9.49124306062587,2014
"ControlGreen",5,39,"ControlGreen-039","Control","Control",FALSE,FALSE,FALSE,12,10.0614652469789,2015
"ControlGreen",1,40,"ControlGreen-040","Control","Control",FALSE,FALSE,FALSE,8,7.32711646291419,2011
"ControlGreen",2,40,"ControlGreen-040","Control","Control",FALSE,FALSE,FALSE,9,6.9147937014787,2012
"ControlGreen",3,40,"ControlGreen-040","Control","Control",FALSE,FALSE,FALSE,10,9.76729701528389,2013
"ControlGreen",4,40,"ControlGreen-040","Control","Control",FALSE,FALSE,FALSE,11,12.2413966020379,2014
"ControlGreen",5,40,"ControlGreen-040","Control","Control",FALSE,FALSE,FALSE,12,12.4610470266336,2015
"ControlGreen",1,41,"ControlGreen-041","Control","Control",FALSE,FALSE,FALSE,8,9.20578339650956,2011
"ControlGreen",2,41,"ControlGreen-041","Control","Control",FALSE,FALSE,FALSE,9,11.0779920351339,2012
"ControlGreen",3,41,"ControlGreen-041","Control","Control",FALSE,FALSE,FALSE,10,9.52754451637455,2013
"ControlGreen",4,41,"ControlGreen-041","Control","Control",FALSE,FALSE,FALSE,11,9.87724553842178,2014
"ControlGreen",5,41,"ControlGreen-041","Control","Control",FALSE,FALSE,FALSE,12,11.3741051822722,2015
"ControlGreen",1,42,"ControlGreen-042","Control","Control",FALSE,FALSE,FALSE,8,3.64070157319469,2011
"ControlGreen",2,42,"ControlGreen-042","Control","Control",FALSE,FALSE,FALSE,9,13.1228351848446,2012
"ControlGreen",3,42,"ControlGreen-042","Control","Control",FALSE,FALSE,FALSE,10,9.16714212509817,2013
"ControlGreen",4,42,"ControlGreen-042","Control","Control",FALSE,FALSE,FALSE,11,11.3554605669017,2014
"ControlGreen",5,42,"ControlGreen-042","Control","Control",FALSE,FALSE,FALSE,12,11.797530720746,2015
"ControlGreen",1,43,"ControlGreen-043","Control","Control",FALSE,FALSE,FALSE,8,8.88744814217987,2011
"ControlGreen",2,43,"ControlGreen-043","Control","Control",FALSE,FALSE,FALSE,9,8.41653149693371,2012
"ControlGreen",3,43,"ControlGreen-043","Control","Control",FALSE,FALSE,FALSE,10,9.55671518474704,2013
"ControlGreen",4,43,"ControlGreen-043","Control","Control",FALSE,FALSE,FALSE,11,10.96931051114,2014
"ControlGreen",5,43,"ControlGreen-043","Control","Control",FALSE,FALSE,FALSE,12,10.2006592499415,2015
"ControlGreen",1,44,"ControlGreen-044","Control","Control",FALSE,FALSE,FALSE,8,7.97218020724113,2011
"ControlGreen",2,44,"ControlGreen-044","Control","Control",FALSE,FALSE,FALSE,9,8.91120603279888,2012
"ControlGreen",3,44,"ControlGreen-044","Control","Control",FALSE,FALSE,FALSE,10,10.7969219523648,2013
"ControlGreen",4,44,"ControlGreen-044","Control","Control",FALSE,FALSE,FALSE,11,11.2156548203387,2014
"ControlGreen",5,44,"ControlGreen-044","Control","Control",FALSE,FALSE,FALSE,12,11.0408301991856,2015
"ControlGreen",1,45,"ControlGreen-045","Control","Control",FALSE,FALSE,FALSE,8,10.3079849533313,2011
"ControlGreen",2,45,"ControlGreen-045","Control","Control",FALSE,FALSE,FALSE,9,9.08405054020197,2012
"ControlGreen",3,45,"ControlGreen-045","Control","Control",FALSE,FALSE,FALSE,10,9.18533057538111,2013
"ControlGreen",4,45,"ControlGreen-045","Control","Control",FALSE,FALSE,FALSE,11,10.5111450084548,2014
"ControlGreen",5,45,"ControlGreen-045","Control","Control",FALSE,FALSE,FALSE,12,12.9661674266792,2015
"ControlGreen",1,46,"ControlGreen-046","Control","Control",FALSE,FALSE,FALSE,8,9.5914574577553,2011
"ControlGreen",2,46,"ControlGreen-046","Control","Control",FALSE,FALSE,FALSE,9,10.2849725013073,2012
"ControlGreen",3,46,"ControlGreen-046","Control","Control",FALSE,FALSE,FALSE,10,9.59904661293909,2013
"ControlGreen",4,46,"ControlGreen-046","Control","Control",FALSE,FALSE,FALSE,11,11.3578401966644,2014
"ControlGreen",5,46,"ControlGreen-046","Control","Control",FALSE,FALSE,FALSE,12,13.2298454478213,2015
"ControlGreen",1,47,"ControlGreen-047","Control","Control",FALSE,FALSE,FALSE,8,10.0992988346805,2011
"ControlGreen",2,47,"ControlGreen-047","Control","Control",FALSE,FALSE,FALSE,9,8.42961826819905,2012
"ControlGreen",3,47,"ControlGreen-047","Control","Control",FALSE,FALSE,FALSE,10,9.98194775036037,2013
"ControlGreen",4,47,"ControlGreen-047","Control","Control",FALSE,FALSE,FALSE,11,10.1436971057602,2014
"ControlGreen",5,47,"ControlGreen-047","Control","Control",FALSE,FALSE,FALSE,12,9.83458946754589,2015
"ControlGreen",1,48,"ControlGreen-048","Control","Control",FALSE,FALSE,FALSE,8,7.94277910762088,2011
"ControlGreen",2,48,"ControlGreen-048","Control","Control",FALSE,FALSE,FALSE,9,11.5077771929618,2012
"ControlGreen",3,48,"ControlGreen-048","Control","Control",FALSE,FALSE,FALSE,10,8.40325208481215,2013
"ControlGreen",4,48,"ControlGreen-048","Control","Control",FALSE,FALSE,FALSE,11,8.7362133237257,2014
"ControlGreen",5,48,"ControlGreen-048","Control","Control",FALSE,FALSE,FALSE,12,12.7872729082626,2015
"ControlGreen",1,49,"ControlGreen-049","Control","Control",FALSE,FALSE,FALSE,8,12.2904510366421,2011
"ControlGreen",2,49,"ControlGreen-049","Control","Control",FALSE,FALSE,FALSE,9,9.6781586979256,2012
"ControlGreen",3,49,"ControlGreen-049","Control","Control",FALSE,FALSE,FALSE,10,9.38745743314617,2013
"ControlGreen",4,49,"ControlGreen-049","Control","Control",FALSE,FALSE,FALSE,11,10.7039347337214,2014
"ControlGreen",5,49,"ControlGreen-049","Control","Control",FALSE,FALSE,FALSE,12,13.2461147075042,2015
"ControlGreen",1,50,"ControlGreen-050","Control","Control",FALSE,FALSE,FALSE,8,6.38239715551616,2011
"ControlGreen",2,50,"ControlGreen-050","Control","Control",FALSE,FALSE,FALSE,9,10.0123163138085,2012
"ControlGreen",3,50,"ControlGreen-050","Control","Control",FALSE,FALSE,FALSE,10,8.70790509544322,2013
"ControlGreen",4,50,"ControlGreen-050","Control","Control",FALSE,FALSE,FALSE,11,13.0928039230838,2014
"ControlGreen",5,50,"ControlGreen-050","Control","Control",FALSE,FALSE,FALSE,12,11.6289535822764,2015
"TxBrown",1,1,"TxBrown-001","Tx","TxBrown",FALSE,TRUE,FALSE,9,9.00517123542141,2011
"TxBrown",2,1,"TxBrown-001","Tx","TxBrown",FALSE,TRUE,FALSE,8,7.87416391296501,2012
"TxBrown",3,1,"TxBrown-001","Tx","TxBrown",FALSE,TRUE,FALSE,6,4.11029294851208,2013
"TxBrown",4,1,"TxBrown-001","Tx","TxBrown",FALSE,TRUE,FALSE,10,10.5458622829781,2014
"TxBrown",5,1,"TxBrown-001","Tx","TxBrown",FALSE,TRUE,FALSE,19,17.886481708441,2015
"TxBrown",1,2,"TxBrown-002","Tx","TxBrown",FALSE,TRUE,FALSE,9,13.070812433422,2011
"TxBrown",2,2,"TxBrown-002","Tx","TxBrown",FALSE,TRUE,FALSE,8,8.62550229011687,2012
"TxBrown",3,2,"TxBrown-002","Tx","TxBrown",FALSE,TRUE,FALSE,6,5.77513255560972,2013
"TxBrown",4,2,"TxBrown-002","Tx","TxBrown",FALSE,TRUE,FALSE,10,8.25773802182813,2014
"TxBrown",5,2,"TxBrown-002","Tx","TxBrown",FALSE,TRUE,FALSE,19,18.2088921013338,2015
"TxBrown",1,3,"TxBrown-003","Tx","TxBrown",FALSE,TRUE,FALSE,9,6.84155470778864,2011
"TxBrown",2,3,"TxBrown-003","Tx","TxBrown",FALSE,TRUE,FALSE,8,9.6036985193646,2012
"TxBrown",3,3,"TxBrown-003","Tx","TxBrown",FALSE,TRUE,FALSE,6,4.16805857824049,2013
"TxBrown",4,3,"TxBrown-003","Tx","TxBrown",FALSE,TRUE,FALSE,10,10.8527827518677,2014
"TxBrown",5,3,"TxBrown-003","Tx","TxBrown",FALSE,TRUE,FALSE,19,18.673760004223,2015
"TxBrown",1,4,"TxBrown-004","Tx","TxBrown",FALSE,TRUE,FALSE,9,8.04465513999319,2011
"TxBrown",2,4,"TxBrown-004","Tx","TxBrown",FALSE,TRUE,FALSE,8,9.78136005100593,2012
"TxBrown",3,4,"TxBrown-004","Tx","TxBrown",FALSE,TRUE,FALSE,6,5.70061764740397,2013
"TxBrown",4,4,"TxBrown-004","Tx","TxBrown",FALSE,TRUE,FALSE,10,10.5671046982857,2014
"TxBrown",5,4,"TxBrown-004","Tx","TxBrown",FALSE,TRUE,FALSE,19,18.8221373724474,2015
"TxBrown",1,5,"TxBrown-005","Tx","TxBrown",FALSE,TRUE,FALSE,9,11.9038583558685,2011
"TxBrown",2,5,"TxBrown-005","Tx","TxBrown",FALSE,TRUE,FALSE,8,6.99669146132508,2012
"TxBrown",3,5,"TxBrown-005","Tx","TxBrown",FALSE,TRUE,FALSE,6,6.57694252038258,2013
"TxBrown",4,5,"TxBrown-005","Tx","TxBrown",FALSE,TRUE,FALSE,10,11.5146874114365,2014
"TxBrown",5,5,"TxBrown-005","Tx","TxBrown",FALSE,TRUE,FALSE,19,16.4099267984562,2015
"TxBrown",1,6,"TxBrown-006","Tx","TxBrown",FALSE,TRUE,FALSE,9,6.03934222055724,2011
"TxBrown",2,6,"TxBrown-006","Tx","TxBrown",FALSE,TRUE,FALSE,8,7.80599954648286,2012
"TxBrown",3,6,"TxBrown-006","Tx","TxBrown",FALSE,TRUE,FALSE,6,3.8831663537925,2013
"TxBrown",4,6,"TxBrown-006","Tx","TxBrown",FALSE,TRUE,FALSE,10,11.2628126429039,2014
"TxBrown",5,6,"TxBrown-006","Tx","TxBrown",FALSE,TRUE,FALSE,19,20.0219863429189,2015
"TxBrown",1,7,"TxBrown-007","Tx","TxBrown",FALSE,TRUE,FALSE,9,6.12989891948998,2011
"TxBrown",2,7,"TxBrown-007","Tx","TxBrown",FALSE,TRUE,FALSE,8,9.07978763890019,2012
"TxBrown",3,7,"TxBrown-007","Tx","TxBrown",FALSE,TRUE,FALSE,6,5.02461447010252,2013
"TxBrown",4,7,"TxBrown-007","Tx","TxBrown",FALSE,TRUE,FALSE,10,10.0084150862117,2014
"TxBrown",5,7,"TxBrown-007","Tx","TxBrown",FALSE,TRUE,FALSE,19,19.4799302843534,2015
"TxBrown",1,8,"TxBrown-008","Tx","TxBrown",FALSE,TRUE,FALSE,9,10.978443209764,2011
"TxBrown",2,8,"TxBrown-008","Tx","TxBrown",FALSE,TRUE,FALSE,8,8.44298847358011,2012
"TxBrown",3,8,"TxBrown-008","Tx","TxBrown",FALSE,TRUE,FALSE,6,6.42797677413266,2013
"TxBrown",4,8,"TxBrown-008","Tx","TxBrown",FALSE,TRUE,FALSE,10,8.88956698758512,2014
"TxBrown",5,8,"TxBrown-008","Tx","TxBrown",FALSE,TRUE,FALSE,19,20.6116332270918,2015
"TxBrown",1,9,"TxBrown-009","Tx","TxBrown",FALSE,TRUE,FALSE,9,8.39928671709452,2011
"TxBrown",2,9,"TxBrown-009","Tx","TxBrown",FALSE,TRUE,FALSE,8,10.8908885780619,2012
"TxBrown",3,9,"TxBrown-009","Tx","TxBrown",FALSE,TRUE,FALSE,6,7.62054735789872,2013
"TxBrown",4,9,"TxBrown-009","Tx","TxBrown",FALSE,TRUE,FALSE,10,10.3365983979336,2014
"TxBrown",5,9,"TxBrown-009","Tx","TxBrown",FALSE,TRUE,FALSE,19,15.9167579980695,2015
"TxBrown",1,10,"TxBrown-010","Tx","TxBrown",FALSE,TRUE,FALSE,9,9.07402590463434,2011
"TxBrown",2,10,"TxBrown-010","Tx","TxBrown",FALSE,TRUE,FALSE,8,12.4597008983819,2012
"TxBrown",3,10,"TxBrown-010","Tx","TxBrown",FALSE,TRUE,FALSE,6,6.32421769083467,2013
"TxBrown",4,10,"TxBrown-010","Tx","TxBrown",FALSE,TRUE,FALSE,10,12.2751836122082,2014
"TxBrown",5,10,"TxBrown-010","Tx","TxBrown",FALSE,TRUE,FALSE,19,18.5887298694891,2015
"TxBrown",1,11,"TxBrown-011","Tx","TxBrown",FALSE,TRUE,FALSE,9,7.72423414581461,2011
"TxBrown",2,11,"TxBrown-011","Tx","TxBrown",FALSE,TRUE,FALSE,8,8.02850072836934,2012
"TxBrown",3,11,"TxBrown-011","Tx","TxBrown",FALSE,TRUE,FALSE,6,5.76516818085872,2013
"TxBrown",4,11,"TxBrown-011","Tx","TxBrown",FALSE,TRUE,FALSE,10,11.5496347184918,2014
"TxBrown",5,11,"TxBrown-011","Tx","TxBrown",FALSE,TRUE,FALSE,19,19.1572235597085,2015
"TxBrown",1,12,"TxBrown-012","Tx","TxBrown",FALSE,TRUE,FALSE,9,9.19826841093216,2011
"TxBrown",2,12,"TxBrown-012","Tx","TxBrown",FALSE,TRUE,FALSE,8,8.43163039267815,2012
"TxBrown",3,12,"TxBrown-012","Tx","TxBrown",FALSE,TRUE,FALSE,6,6.9859446530592,2013
"TxBrown",4,12,"TxBrown-012","Tx","TxBrown",FALSE,TRUE,FALSE,10,9.81052723923768,2014
"TxBrown",5,12,"TxBrown-012","Tx","TxBrown",FALSE,TRUE,FALSE,19,20.8499050864756,2015
"TxBrown",1,13,"TxBrown-013","Tx","TxBrown",FALSE,TRUE,FALSE,9,9.30521400510296,2011
"TxBrown",2,13,"TxBrown-013","Tx","TxBrown",FALSE,TRUE,FALSE,8,10.1069514098873,2012
"TxBrown",3,13,"TxBrown-013","Tx","TxBrown",FALSE,TRUE,FALSE,6,6.08241809805247,2013
"TxBrown",4,13,"TxBrown-013","Tx","TxBrown",FALSE,TRUE,FALSE,10,10.2130644833013,2014
"TxBrown",5,13,"TxBrown-013","Tx","TxBrown",FALSE,TRUE,FALSE,19,19.488789541384,2015
"TxBrown",1,14,"TxBrown-014","Tx","TxBrown",FALSE,TRUE,FALSE,9,11.3877902679915,2011
"TxBrown",2,14,"TxBrown-014","Tx","TxBrown",FALSE,TRUE,FALSE,8,11.424404804384,2012
"TxBrown",3,14,"TxBrown-014","Tx","TxBrown",FALSE,TRUE,FALSE,6,7.00233894864427,2013
"TxBrown",4,14,"TxBrown-014","Tx","TxBrown",FALSE,TRUE,FALSE,10,11.9108045052414,2014
"TxBrown",5,14,"TxBrown-014","Tx","TxBrown",FALSE,TRUE,FALSE,19,19.6379187879587,2015
"TxBrown",1,15,"TxBrown-015","Tx","TxBrown",FALSE,TRUE,FALSE,9,6.47247606725001,2011
"TxBrown",2,15,"TxBrown-015","Tx","TxBrown",FALSE,TRUE,FALSE,8,9.48811469188508,2012
"TxBrown",3,15,"TxBrown-015","Tx","TxBrown",FALSE,TRUE,FALSE,6,8.25237148815276,2013
"TxBrown",4,15,"TxBrown-015","Tx","TxBrown",FALSE,TRUE,FALSE,10,12.1352116538712,2014
"TxBrown",5,15,"TxBrown-015","Tx","TxBrown",FALSE,TRUE,FALSE,19,21.0066239008721,2015
"TxBrown",1,16,"TxBrown-016","Tx","TxBrown",FALSE,TRUE,FALSE,9,8.6079333789236,2011
"TxBrown",2,16,"TxBrown-016","Tx","TxBrown",FALSE,TRUE,FALSE,8,9.5669744754411,2012
"TxBrown",3,16,"TxBrown-016","Tx","TxBrown",FALSE,TRUE,FALSE,6,4.31325917654254,2013
"TxBrown",4,16,"TxBrown-016","Tx","TxBrown",FALSE,TRUE,FALSE,10,10.6569731593663,2014
"TxBrown",5,16,"TxBrown-016","Tx","TxBrown",FALSE,TRUE,FALSE,19,17.9474565560617,2015
"TxBrown",1,17,"TxBrown-017","Tx","TxBrown",FALSE,TRUE,FALSE,9,10.0762767086022,2011
"TxBrown",2,17,"TxBrown-017","Tx","TxBrown",FALSE,TRUE,FALSE,8,9.93635866634164,2012
"TxBrown",3,17,"TxBrown-017","Tx","TxBrown",FALSE,TRUE,FALSE,6,6.96973830101851,2013
"TxBrown",4,17,"TxBrown-017","Tx","TxBrown",FALSE,TRUE,FALSE,10,9.84503658602722,2014
"TxBrown",5,17,"TxBrown-017","Tx","TxBrown",FALSE,TRUE,FALSE,19,19.029120508331,2015
"TxBrown",1,18,"TxBrown-018","Tx","TxBrown",FALSE,TRUE,FALSE,9,6.78884978255086,2011
"TxBrown",2,18,"TxBrown-018","Tx","TxBrown",FALSE,TRUE,FALSE,8,5.89965179278662,2012
"TxBrown",3,18,"TxBrown-018","Tx","TxBrown",FALSE,TRUE,FALSE,6,5.694617524717,2013
"TxBrown",4,18,"TxBrown-018","Tx","TxBrown",FALSE,TRUE,FALSE,10,9.62781344170141,2014
"TxBrown",5,18,"TxBrown-018","Tx","TxBrown",FALSE,TRUE,FALSE,19,17.4192739173323,2015
"TxBrown",1,19,"TxBrown-019","Tx","TxBrown",FALSE,TRUE,FALSE,9,3.89132165147352,2011
"TxBrown",2,19,"TxBrown-019","Tx","TxBrown",FALSE,TRUE,FALSE,8,9.39902094368006,2012
"TxBrown",3,19,"TxBrown-019","Tx","TxBrown",FALSE,TRUE,FALSE,6,6.79733056027575,2013
"TxBrown",4,19,"TxBrown-019","Tx","TxBrown",FALSE,TRUE,FALSE,10,11.0811836487838,2014
"TxBrown",5,19,"TxBrown-019","Tx","TxBrown",FALSE,TRUE,FALSE,19,19.0694244731328,2015
"TxBrown",1,20,"TxBrown-020","Tx","TxBrown",FALSE,TRUE,FALSE,9,8.60105930285817,2011
"TxBrown",2,20,"TxBrown-020","Tx","TxBrown",FALSE,TRUE,FALSE,8,8.68244901884474,2012
"TxBrown",3,20,"TxBrown-020","Tx","TxBrown",FALSE,TRUE,FALSE,6,4.70717612920437,2013
"TxBrown",4,20,"TxBrown-020","Tx","TxBrown",FALSE,TRUE,FALSE,10,10.3105216661082,2014
"TxBrown",5,20,"TxBrown-020","Tx","TxBrown",FALSE,TRUE,FALSE,19,19.4679259192045,2015
"TxBrown",1,21,"TxBrown-021","Tx","TxBrown",FALSE,TRUE,FALSE,9,10.0453095403289,2011
"TxBrown",2,21,"TxBrown-021","Tx","TxBrown",FALSE,TRUE,FALSE,8,6.12715949745819,2012
"TxBrown",3,21,"TxBrown-021","Tx","TxBrown",FALSE,TRUE,FALSE,6,6.18396364611927,2013
"TxBrown",4,21,"TxBrown-021","Tx","TxBrown",FALSE,TRUE,FALSE,10,9.67297825144955,2014
"TxBrown",5,21,"TxBrown-021","Tx","TxBrown",FALSE,TRUE,FALSE,19,20.4458340596434,2015
"TxBrown",1,22,"TxBrown-022","Tx","TxBrown",FALSE,TRUE,FALSE,9,7.08386275994226,2011
"TxBrown",2,22,"TxBrown-022","Tx","TxBrown",FALSE,TRUE,FALSE,8,9.51287052268254,2012
"TxBrown",3,22,"TxBrown-022","Tx","TxBrown",FALSE,TRUE,FALSE,6,6.30218447206754,2013
"TxBrown",4,22,"TxBrown-022","Tx","TxBrown",FALSE,TRUE,FALSE,10,10.0837934525688,2014
"TxBrown",5,22,"TxBrown-022","Tx","TxBrown",FALSE,TRUE,FALSE,19,18.7550532486796,2015
"TxBrown",1,23,"TxBrown-023","Tx","TxBrown",FALSE,TRUE,FALSE,9,10.4803901172017,2011
"TxBrown",2,23,"TxBrown-023","Tx","TxBrown",FALSE,TRUE,FALSE,8,9.38634495025273,2012
"TxBrown",3,23,"TxBrown-023","Tx","TxBrown",FALSE,TRUE,FALSE,6,7.7920145962237,2013
"TxBrown",4,23,"TxBrown-023","Tx","TxBrown",FALSE,TRUE,FALSE,10,12.5599493506784,2014
"TxBrown",5,23,"TxBrown-023","Tx","TxBrown",FALSE,TRUE,FALSE,19,18.74090382723,2015
"TxBrown",1,24,"TxBrown-024","Tx","TxBrown",FALSE,TRUE,FALSE,9,5.62393667983758,2011
"TxBrown",2,24,"TxBrown-024","Tx","TxBrown",FALSE,TRUE,FALSE,8,6.71972070262455,2012
"TxBrown",3,24,"TxBrown-024","Tx","TxBrown",FALSE,TRUE,FALSE,6,7.25002425419116,2013
"TxBrown",4,24,"TxBrown-024","Tx","TxBrown",FALSE,TRUE,FALSE,10,9.37374779046997,2014
"TxBrown",5,24,"TxBrown-024","Tx","TxBrown",FALSE,TRUE,FALSE,19,18.4088880424081,2015
"TxBrown",1,25,"TxBrown-025","Tx","TxBrown",FALSE,TRUE,FALSE,9,9.86145085669413,2011
"TxBrown",2,25,"TxBrown-025","Tx","TxBrown",FALSE,TRUE,FALSE,8,6.35891693159079,2012
"TxBrown",3,25,"TxBrown-025","Tx","TxBrown",FALSE,TRUE,FALSE,6,7.3914943503595,2013
"TxBrown",4,25,"TxBrown-025","Tx","TxBrown",FALSE,TRUE,FALSE,10,10.0453315204471,2014
"TxBrown",5,25,"TxBrown-025","Tx","TxBrown",FALSE,TRUE,FALSE,19,17.7835123112033,2015
"TxBrown",1,26,"TxBrown-026","Tx","TxBrown",FALSE,TRUE,FALSE,9,11.3426599576043,2011
"TxBrown",2,26,"TxBrown-026","Tx","TxBrown",FALSE,TRUE,FALSE,8,8.25285624205143,2012
"TxBrown",3,26,"TxBrown-026","Tx","TxBrown",FALSE,TRUE,FALSE,6,4.99370566334235,2013
"TxBrown",4,26,"TxBrown-026","Tx","TxBrown",FALSE,TRUE,FALSE,10,8.05470754677135,2014
"TxBrown",5,26,"TxBrown-026","Tx","TxBrown",FALSE,TRUE,FALSE,19,19.9988716789446,2015
"TxBrown",1,27,"TxBrown-027","Tx","TxBrown",FALSE,TRUE,FALSE,9,9.66600577546207,2011
"TxBrown",2,27,"TxBrown-027","Tx","TxBrown",FALSE,TRUE,FALSE,8,9.33587269612696,2012
"TxBrown",3,27,"TxBrown-027","Tx","TxBrown",FALSE,TRUE,FALSE,6,4.34351126064131,2013
"TxBrown",4,27,"TxBrown-027","Tx","TxBrown",FALSE,TRUE,FALSE,10,9.33416483885057,2014
"TxBrown",5,27,"TxBrown-027","Tx","TxBrown",FALSE,TRUE,FALSE,19,19.4966600268245,2015
"TxBrown",1,28,"TxBrown-028","Tx","TxBrown",FALSE,TRUE,FALSE,9,8.03737418142206,2011
"TxBrown",2,28,"TxBrown-028","Tx","TxBrown",FALSE,TRUE,FALSE,8,7.19362110728703,2012
"TxBrown",3,28,"TxBrown-028","Tx","TxBrown",FALSE,TRUE,FALSE,6,5.53384481334398,2013
"TxBrown",4,28,"TxBrown-028","Tx","TxBrown",FALSE,TRUE,FALSE,10,11.0282748225088,2014
"TxBrown",5,28,"TxBrown-028","Tx","TxBrown",FALSE,TRUE,FALSE,19,20.5515257362795,2015
"TxBrown",1,29,"TxBrown-029","Tx","TxBrown",FALSE,TRUE,FALSE,9,8.43949218667805,2011
"TxBrown",2,29,"TxBrown-029","Tx","TxBrown",FALSE,TRUE,FALSE,8,6.94576563507756,2012
"TxBrown",3,29,"TxBrown-029","Tx","TxBrown",FALSE,TRUE,FALSE,6,5.45932857123262,2013
"TxBrown",4,29,"TxBrown-029","Tx","TxBrown",FALSE,TRUE,FALSE,10,11.0316341429743,2014
"TxBrown",5,29,"TxBrown-029","Tx","TxBrown",FALSE,TRUE,FALSE,19,18.4616915262992,2015
"TxBrown",1,30,"TxBrown-030","Tx","TxBrown",FALSE,TRUE,FALSE,9,11.3569799313387,2011
"TxBrown",2,30,"TxBrown-030","Tx","TxBrown",FALSE,TRUE,FALSE,8,6.0123152286668,2012
"TxBrown",3,30,"TxBrown-030","Tx","TxBrown",FALSE,TRUE,FALSE,6,5.70441801418966,2013
"TxBrown",4,30,"TxBrown-030","Tx","TxBrown",FALSE,TRUE,FALSE,10,12.8869990791429,2014
"TxBrown",5,30,"TxBrown-030","Tx","TxBrown",FALSE,TRUE,FALSE,19,18.175328529972,2015
"TxBrown",1,31,"TxBrown-031","Tx","TxBrown",FALSE,TRUE,FALSE,9,8.99976319070477,2011
"TxBrown",2,31,"TxBrown-031","Tx","TxBrown",FALSE,TRUE,FALSE,8,8.54824081425486,2012
"TxBrown",3,31,"TxBrown-031","Tx","TxBrown",FALSE,TRUE,FALSE,6,5.90708956867267,2013
"TxBrown",4,31,"TxBrown-031","Tx","TxBrown",FALSE,TRUE,FALSE,10,10.3736580542462,2014
"TxBrown",5,31,"TxBrown-031","Tx","TxBrown",FALSE,TRUE,FALSE,19,20.1241880205176,2015
"TxBrown",1,32,"TxBrown-032","Tx","TxBrown",FALSE,TRUE,FALSE,9,11.0148275579306,2011
"TxBrown",2,32,"TxBrown-032","Tx","TxBrown",FALSE,TRUE,FALSE,8,6.65365290679506,2012
"TxBrown",3,32,"TxBrown-032","Tx","TxBrown",FALSE,TRUE,FALSE,6,7.13323637132219,2013
"TxBrown",4,32,"TxBrown-032","Tx","TxBrown",FALSE,TRUE,FALSE,10,9.69886151584231,2014
"TxBrown",5,32,"TxBrown-032","Tx","TxBrown",FALSE,TRUE,FALSE,19,19.0797170193029,2015
"TxBrown",1,33,"TxBrown-033","Tx","TxBrown",FALSE,TRUE,FALSE,9,7.52523902372953,2011
"TxBrown",2,33,"TxBrown-033","Tx","TxBrown",FALSE,TRUE,FALSE,8,7.41229027004231,2012
"TxBrown",3,33,"TxBrown-033","Tx","TxBrown",FALSE,TRUE,FALSE,6,7.42522062986961,2013
"TxBrown",4,33,"TxBrown-033","Tx","TxBrown",FALSE,TRUE,FALSE,10,8.57750783751439,2014
"TxBrown",5,33,"TxBrown-033","Tx","TxBrown",FALSE,TRUE,FALSE,19,18.8881135409724,2015
"TxBrown",1,34,"TxBrown-034","Tx","TxBrown",FALSE,TRUE,FALSE,9,5.99780726366344,2011
"TxBrown",2,34,"TxBrown-034","Tx","TxBrown",FALSE,TRUE,FALSE,8,9.49898108817047,2012
"TxBrown",3,34,"TxBrown-034","Tx","TxBrown",FALSE,TRUE,FALSE,6,5.15703708474619,2013
"TxBrown",4,34,"TxBrown-034","Tx","TxBrown",FALSE,TRUE,FALSE,10,10.4390046611165,2014
"TxBrown",5,34,"TxBrown-034","Tx","TxBrown",FALSE,TRUE,FALSE,19,18.2325396982473,2015
"TxBrown",1,35,"TxBrown-035","Tx","TxBrown",FALSE,TRUE,FALSE,9,9.70337698774257,2011
"TxBrown",2,35,"TxBrown-035","Tx","TxBrown",FALSE,TRUE,FALSE,8,6.56616429922051,2012
"TxBrown",3,35,"TxBrown-035","Tx","TxBrown",FALSE,TRUE,FALSE,6,6.63595959554699,2013
"TxBrown",4,35,"TxBrown-035","Tx","TxBrown",FALSE,TRUE,FALSE,10,9.38923929145393,2014
"TxBrown",5,35,"TxBrown-035","Tx","TxBrown",FALSE,TRUE,FALSE,19,18.514199995455,2015
"TxBrown",1,36,"TxBrown-036","Tx","TxBrown",FALSE,TRUE,FALSE,9,12.5052592942909,2011
"TxBrown",2,36,"TxBrown-036","Tx","TxBrown",FALSE,TRUE,FALSE,8,8.26477627718273,2012
"TxBrown",3,36,"TxBrown-036","Tx","TxBrown",FALSE,TRUE,FALSE,6,4.38352472373405,2013
"TxBrown",4,36,"TxBrown-036","Tx","TxBrown",FALSE,TRUE,FALSE,10,12.7451160713273,2014
"TxBrown",5,36,"TxBrown-036","Tx","TxBrown",FALSE,TRUE,FALSE,19,21.3212411357196,2015
"TxBrown",1,37,"TxBrown-037","Tx","TxBrown",FALSE,TRUE,FALSE,9,3.44232201526187,2011
"TxBrown",2,37,"TxBrown-037","Tx","TxBrown",FALSE,TRUE,FALSE,8,7.40920431126964,2012
"TxBrown",3,37,"TxBrown-037","Tx","TxBrown",FALSE,TRUE,FALSE,6,4.88244952070615,2013
"TxBrown",4,37,"TxBrown-037","Tx","TxBrown",FALSE,TRUE,FALSE,10,7.09515874166563,2014
"TxBrown",5,37,"TxBrown-037","Tx","TxBrown",FALSE,TRUE,FALSE,19,19.1249655025924,2015
"TxBrown",1,38,"TxBrown-038","Tx","TxBrown",FALSE,TRUE,FALSE,9,9.3099112568519,2011
"TxBrown",2,38,"TxBrown-038","Tx","TxBrown",FALSE,TRUE,FALSE,8,8.7040469608777,2012
"TxBrown",3,38,"TxBrown-038","Tx","TxBrown",FALSE,TRUE,FALSE,6,7.06334368600401,2013
"TxBrown",4,38,"TxBrown-038","Tx","TxBrown",FALSE,TRUE,FALSE,10,11.5974298328897,2014
"TxBrown",5,38,"TxBrown-038","Tx","TxBrown",FALSE,TRUE,FALSE,19,20.1713635096768,2015
"TxBrown",1,39,"TxBrown-039","Tx","TxBrown",FALSE,TRUE,FALSE,9,5.26470691120315,2011
"TxBrown",2,39,"TxBrown-039","Tx","TxBrown",FALSE,TRUE,FALSE,8,8.58745366220643,2012
"TxBrown",3,39,"TxBrown-039","Tx","TxBrown",FALSE,TRUE,FALSE,6,6.15740811688642,2013
"TxBrown",4,39,"TxBrown-039","Tx","TxBrown",FALSE,TRUE,FALSE,10,10.4325415524354,2014
"TxBrown",5,39,"TxBrown-039","Tx","TxBrown",FALSE,TRUE,FALSE,19,18.051096773869,2015
"TxBrown",1,40,"TxBrown-040","Tx","TxBrown",FALSE,TRUE,FALSE,9,8.30823991135514,2011
"TxBrown",2,40,"TxBrown-040","Tx","TxBrown",FALSE,TRUE,FALSE,8,9.12554160636541,2012
"TxBrown",3,40,"TxBrown-040","Tx","TxBrown",FALSE,TRUE,FALSE,6,6.311182208829,2013
"TxBrown",4,40,"TxBrown-040","Tx","TxBrown",FALSE,TRUE,FALSE,10,9.97730614280267,2014
"TxBrown",5,40,"TxBrown-040","Tx","TxBrown",FALSE,TRUE,FALSE,19,17.8195475970049,2015
"TxBrown",1,41,"TxBrown-041","Tx","TxBrown",FALSE,TRUE,FALSE,9,9.41346660712723,2011
"TxBrown",2,41,"TxBrown-041","Tx","TxBrown",FALSE,TRUE,FALSE,8,7.10834777589936,2012
"TxBrown",3,41,"TxBrown-041","Tx","TxBrown",FALSE,TRUE,FALSE,6,5.87767348167616,2013
"TxBrown",4,41,"TxBrown-041","Tx","TxBrown",FALSE,TRUE,FALSE,10,9.9685877775437,2014
"TxBrown",5,41,"TxBrown-041","Tx","TxBrown",FALSE,TRUE,FALSE,19,20.4974776369041,2015
"TxBrown",1,42,"TxBrown-042","Tx","TxBrown",FALSE,TRUE,FALSE,9,7.21016351303221,2011
"TxBrown",2,42,"TxBrown-042","Tx","TxBrown",FALSE,TRUE,FALSE,8,6.21548599308199,2012
"TxBrown",3,42,"TxBrown-042","Tx","TxBrown",FALSE,TRUE,FALSE,6,6.79310612656803,2013
"TxBrown",4,42,"TxBrown-042","Tx","TxBrown",FALSE,TRUE,FALSE,10,10.3176802661482,2014
"TxBrown",5,42,"TxBrown-042","Tx","TxBrown",FALSE,TRUE,FALSE,19,19.5456826494239,2015
"TxBrown",1,43,"TxBrown-043","Tx","TxBrown",FALSE,TRUE,FALSE,9,9.70310463870859,2011
"TxBrown",2,43,"TxBrown-043","Tx","TxBrown",FALSE,TRUE,FALSE,8,7.94759563174838,2012
"TxBrown",3,43,"TxBrown-043","Tx","TxBrown",FALSE,TRUE,FALSE,6,7.94220135263897,2013
"TxBrown",4,43,"TxBrown-043","Tx","TxBrown",FALSE,TRUE,FALSE,10,12.0750846908755,2014
"TxBrown",5,43,"TxBrown-043","Tx","TxBrown",FALSE,TRUE,FALSE,19,19.5368579995207,2015
"TxBrown",1,44,"TxBrown-044","Tx","TxBrown",FALSE,TRUE,FALSE,9,7.91445094971482,2011
"TxBrown",2,44,"TxBrown-044","Tx","TxBrown",FALSE,TRUE,FALSE,8,10.1697168075513,2012
"TxBrown",3,44,"TxBrown-044","Tx","TxBrown",FALSE,TRUE,FALSE,6,5.52630527464782,2013
"TxBrown",4,44,"TxBrown-044","Tx","TxBrown",FALSE,TRUE,FALSE,10,9.28804822366296,2014
"TxBrown",5,44,"TxBrown-044","Tx","TxBrown",FALSE,TRUE,FALSE,19,20.1554102410334,2015
"TxBrown",1,45,"TxBrown-045","Tx","TxBrown",FALSE,TRUE,FALSE,9,6.59304534579786,2011
"TxBrown",2,45,"TxBrown-045","Tx","TxBrown",FALSE,TRUE,FALSE,8,7.75678572290719,2012
"TxBrown",3,45,"TxBrown-045","Tx","TxBrown",FALSE,TRUE,FALSE,6,6.54063963318564,2013
"TxBrown",4,45,"TxBrown-045","Tx","TxBrown",FALSE,TRUE,FALSE,10,9.76819595516509,2014
"TxBrown",5,45,"TxBrown-045","Tx","TxBrown",FALSE,TRUE,FALSE,19,19.5660716853127,2015
"TxBrown",1,46,"TxBrown-046","Tx","TxBrown",FALSE,TRUE,FALSE,9,5.73049726739393,2011
"TxBrown",2,46,"TxBrown-046","Tx","TxBrown",FALSE,TRUE,FALSE,8,8.78263893192164,2012
"TxBrown",3,46,"TxBrown-046","Tx","TxBrown",FALSE,TRUE,FALSE,6,4.2100313442159,2013
"TxBrown",4,46,"TxBrown-046","Tx","TxBrown",FALSE,TRUE,FALSE,10,10.4190910518223,2014
"TxBrown",5,46,"TxBrown-046","Tx","TxBrown",FALSE,TRUE,FALSE,19,18.7601995567653,2015
"TxBrown",1,47,"TxBrown-047","Tx","TxBrown",FALSE,TRUE,FALSE,9,7.76524986240109,2011
"TxBrown",2,47,"TxBrown-047","Tx","TxBrown",FALSE,TRUE,FALSE,8,5.43798936423493,2012
"TxBrown",3,47,"TxBrown-047","Tx","TxBrown",FALSE,TRUE,FALSE,6,6.37019996448686,2013
"TxBrown",4,47,"TxBrown-047","Tx","TxBrown",FALSE,TRUE,FALSE,10,10.7764175472309,2014
"TxBrown",5,47,"TxBrown-047","Tx","TxBrown",FALSE,TRUE,FALSE,19,19.3209421420392,2015
"TxBrown",1,48,"TxBrown-048","Tx","TxBrown",FALSE,TRUE,FALSE,9,12.7390585712165,2011
"TxBrown",2,48,"TxBrown-048","Tx","TxBrown",FALSE,TRUE,FALSE,8,6.23629939899451,2012
"TxBrown",3,48,"TxBrown-048","Tx","TxBrown",FALSE,TRUE,FALSE,6,6.65526475717348,2013
"TxBrown",4,48,"TxBrown-048","Tx","TxBrown",FALSE,TRUE,FALSE,10,11.1149287215343,2014
"TxBrown",5,48,"TxBrown-048","Tx","TxBrown",FALSE,TRUE,FALSE,19,20.264804218207,2015
"TxBrown",1,49,"TxBrown-049","Tx","TxBrown",FALSE,TRUE,FALSE,9,8.36865065094736,2011
"TxBrown",2,49,"TxBrown-049","Tx","TxBrown",FALSE,TRUE,FALSE,8,6.535519705668,2012
"TxBrown",3,49,"TxBrown-049","Tx","TxBrown",FALSE,TRUE,FALSE,6,6.9411281870002,2013
"TxBrown",4,49,"TxBrown-049","Tx","TxBrown",FALSE,TRUE,FALSE,10,11.4049821649013,2014
"TxBrown",5,49,"TxBrown-049","Tx","TxBrown",FALSE,TRUE,FALSE,19,17.3036875807303,2015
"TxBrown",1,50,"TxBrown-050","Tx","TxBrown",FALSE,TRUE,FALSE,9,10.7541167725251,2011
"TxBrown",2,50,"TxBrown-050","Tx","TxBrown",FALSE,TRUE,FALSE,8,9.57021379671426,2012
"TxBrown",3,50,"TxBrown-050","Tx","TxBrown",FALSE,TRUE,FALSE,6,6.84734926474477,2013
"TxBrown",4,50,"TxBrown-050","Tx","TxBrown",FALSE,TRUE,FALSE,10,11.1977797230634,2014
"TxBrown",5,50,"TxBrown-050","Tx","TxBrown",FALSE,TRUE,FALSE,19,19.0775595617096,2015
"TxGreen",1,1,"TxGreen-001","Tx","TxGreen",TRUE,FALSE,FALSE,8,10.7533227112138,2011
"TxGreen",2,1,"TxGreen-001","Tx","TxGreen",TRUE,FALSE,FALSE,10,8.51447340605685,2012
"TxGreen",3,1,"TxGreen-001","Tx","TxGreen",TRUE,FALSE,FALSE,12.4,12.7602397690471,2013
"TxGreen",4,1,"TxGreen-001","Tx","TxGreen",TRUE,FALSE,FALSE,14,12.7915061605089,2014
"TxGreen",5,1,"TxGreen-001","Tx","TxGreen",TRUE,FALSE,FALSE,16,16.1396926259272,2015
"TxGreen",1,2,"TxGreen-002","Tx","TxGreen",TRUE,FALSE,FALSE,8,6.26793215886113,2011
"TxGreen",2,2,"TxGreen-002","Tx","TxGreen",TRUE,FALSE,FALSE,10,8.91724231605412,2012
"TxGreen",3,2,"TxGreen-002","Tx","TxGreen",TRUE,FALSE,FALSE,12.4,11.4637343079197,2013
"TxGreen",4,2,"TxGreen-002","Tx","TxGreen",TRUE,FALSE,FALSE,14,14.6315968016882,2014
"TxGreen",5,2,"TxGreen-002","Tx","TxGreen",TRUE,FALSE,FALSE,16,14.9908929509341,2015
"TxGreen",1,3,"TxGreen-003","Tx","TxGreen",TRUE,FALSE,FALSE,8,8.19483909093308,2011
"TxGreen",2,3,"TxGreen-003","Tx","TxGreen",TRUE,FALSE,FALSE,10,11.4004413124982,2012
"TxGreen",3,3,"TxGreen-003","Tx","TxGreen",TRUE,FALSE,FALSE,12.4,11.8693071796769,2013
"TxGreen",4,3,"TxGreen-003","Tx","TxGreen",TRUE,FALSE,FALSE,14,12.7842577226218,2014
"TxGreen",5,3,"TxGreen-003","Tx","TxGreen",TRUE,FALSE,FALSE,16,16.8412986712838,2015
"TxGreen",1,4,"TxGreen-004","Tx","TxGreen",TRUE,FALSE,FALSE,8,9.37585950445951,2011
"TxGreen",2,4,"TxGreen-004","Tx","TxGreen",TRUE,FALSE,FALSE,10,10.8087854335383,2012
"TxGreen",3,4,"TxGreen-004","Tx","TxGreen",TRUE,FALSE,FALSE,12.4,11.275148683662,2013
"TxGreen",4,4,"TxGreen-004","Tx","TxGreen",TRUE,FALSE,FALSE,14,13.4493724960549,2014
"TxGreen",5,4,"TxGreen-004","Tx","TxGreen",TRUE,FALSE,FALSE,16,17.1995307879568,2015
"TxGreen",1,5,"TxGreen-005","Tx","TxGreen",TRUE,FALSE,FALSE,8,8.71239275781629,2011
"TxGreen",2,5,"TxGreen-005","Tx","TxGreen",TRUE,FALSE,FALSE,10,8.1639988560088,2012
"TxGreen",3,5,"TxGreen-005","Tx","TxGreen",TRUE,FALSE,FALSE,12.4,13.2430375034302,2013
"TxGreen",4,5,"TxGreen-005","Tx","TxGreen",TRUE,FALSE,FALSE,14,14.7028874109705,2014
"TxGreen",5,5,"TxGreen-005","Tx","TxGreen",TRUE,FALSE,FALSE,16,16.9861599528504,2015
"TxGreen",1,6,"TxGreen-006","Tx","TxGreen",TRUE,FALSE,FALSE,8,5.56756892723063,2011
"TxGreen",2,6,"TxGreen-006","Tx","TxGreen",TRUE,FALSE,FALSE,10,8.02517199472204,2012
"TxGreen",3,6,"TxGreen-006","Tx","TxGreen",TRUE,FALSE,FALSE,12.4,13.6159348426692,2013
"TxGreen",4,6,"TxGreen-006","Tx","TxGreen",TRUE,FALSE,FALSE,14,13.1630829994024,2014
"TxGreen",5,6,"TxGreen-006","Tx","TxGreen",TRUE,FALSE,FALSE,16,15.3933894863351,2015
"TxGreen",1,7,"TxGreen-007","Tx","TxGreen",TRUE,FALSE,FALSE,8,6.97411027539159,2011
"TxGreen",2,7,"TxGreen-007","Tx","TxGreen",TRUE,FALSE,FALSE,10,8.81359541828767,2012
"TxGreen",3,7,"TxGreen-007","Tx","TxGreen",TRUE,FALSE,FALSE,12.4,13.6564475261429,2013
"TxGreen",4,7,"TxGreen-007","Tx","TxGreen",TRUE,FALSE,FALSE,14,14.557445011582,2014
"TxGreen",5,7,"TxGreen-007","Tx","TxGreen",TRUE,FALSE,FALSE,16,16.6886512548256,2015
"TxGreen",1,8,"TxGreen-008","Tx","TxGreen",TRUE,FALSE,FALSE,8,9.58540683737604,2011
"TxGreen",2,8,"TxGreen-008","Tx","TxGreen",TRUE,FALSE,FALSE,10,7.37057089192188,2012
"TxGreen",3,8,"TxGreen-008","Tx","TxGreen",TRUE,FALSE,FALSE,12.4,13.3894090799987,2013
"TxGreen",4,8,"TxGreen-008","Tx","TxGreen",TRUE,FALSE,FALSE,14,12.8224301054123,2014
"TxGreen",5,8,"TxGreen-008","Tx","TxGreen",TRUE,FALSE,FALSE,16,14.6146858520504,2015
"TxGreen",1,9,"TxGreen-009","Tx","TxGreen",TRUE,FALSE,FALSE,8,7.52694857313433,2011
"TxGreen",2,9,"TxGreen-009","Tx","TxGreen",TRUE,FALSE,FALSE,10,9.37221964506029,2012
"TxGreen",3,9,"TxGreen-009","Tx","TxGreen",TRUE,FALSE,FALSE,12.4,12.4831324422764,2013
"TxGreen",4,9,"TxGreen-009","Tx","TxGreen",TRUE,FALSE,FALSE,14,13.7732591628191,2014
"TxGreen",5,9,"TxGreen-009","Tx","TxGreen",TRUE,FALSE,FALSE,16,15.5706963143055,2015
"TxGreen",1,10,"TxGreen-010","Tx","TxGreen",TRUE,FALSE,FALSE,8,7.03678576738063,2011
"TxGreen",2,10,"TxGreen-010","Tx","TxGreen",TRUE,FALSE,FALSE,10,11.8862816540367,2012
"TxGreen",3,10,"TxGreen-010","Tx","TxGreen",TRUE,FALSE,FALSE,12.4,14.688222041009,2013
"TxGreen",4,10,"TxGreen-010","Tx","TxGreen",TRUE,FALSE,FALSE,14,14.6433613215169,2014
"TxGreen",5,10,"TxGreen-010","Tx","TxGreen",TRUE,FALSE,FALSE,16,16.559255977916,2015
"TxGreen",1,11,"TxGreen-011","Tx","TxGreen",TRUE,FALSE,FALSE,8,4.97417767151345,2011
"TxGreen",2,11,"TxGreen-011","Tx","TxGreen",TRUE,FALSE,FALSE,10,9.42582057023667,2012
"TxGreen",3,11,"TxGreen-011","Tx","TxGreen",TRUE,FALSE,FALSE,12.4,12.6966599071813,2013
"TxGreen",4,11,"TxGreen-011","Tx","TxGreen",TRUE,FALSE,FALSE,14,15.130160046365,2014
"TxGreen",5,11,"TxGreen-011","Tx","TxGreen",TRUE,FALSE,FALSE,16,17.8731736554761,2015
"TxGreen",1,12,"TxGreen-012","Tx","TxGreen",TRUE,FALSE,FALSE,8,14.0365037789546,2011
"TxGreen",2,12,"TxGreen-012","Tx","TxGreen",TRUE,FALSE,FALSE,10,10.9724122414663,2012
"TxGreen",3,12,"TxGreen-012","Tx","TxGreen",TRUE,FALSE,FALSE,12.4,14.5100595644228,2013
"TxGreen",4,12,"TxGreen-012","Tx","TxGreen",TRUE,FALSE,FALSE,14,12.3353482017629,2014
"TxGreen",5,12,"TxGreen-012","Tx","TxGreen",TRUE,FALSE,FALSE,16,15.4500365776288,2015
"TxGreen",1,13,"TxGreen-013","Tx","TxGreen",TRUE,FALSE,FALSE,8,11.3116727490512,2011
"TxGreen",2,13,"TxGreen-013","Tx","TxGreen",TRUE,FALSE,FALSE,10,11.3239220973664,2012
"TxGreen",3,13,"TxGreen-013","Tx","TxGreen",TRUE,FALSE,FALSE,12.4,14.0551631014998,2013
"TxGreen",4,13,"TxGreen-013","Tx","TxGreen",TRUE,FALSE,FALSE,14,14.8691198445179,2014
"TxGreen",5,13,"TxGreen-013","Tx","TxGreen",TRUE,FALSE,FALSE,16,15.8545290801462,2015
"TxGreen",1,14,"TxGreen-014","Tx","TxGreen",TRUE,FALSE,FALSE,8,6.58223975293127,2011
"TxGreen",2,14,"TxGreen-014","Tx","TxGreen",TRUE,FALSE,FALSE,10,10.565057288908,2012
"TxGreen",3,14,"TxGreen-014","Tx","TxGreen",TRUE,FALSE,FALSE,12.4,11.0526082120719,2013
"TxGreen",4,14,"TxGreen-014","Tx","TxGreen",TRUE,FALSE,FALSE,14,13.0065871622946,2014
"TxGreen",5,14,"TxGreen-014","Tx","TxGreen",TRUE,FALSE,FALSE,16,15.7157210050467,2015
"TxGreen",1,15,"TxGreen-015","Tx","TxGreen",TRUE,FALSE,FALSE,8,9.54373897058232,2011
"TxGreen",2,15,"TxGreen-015","Tx","TxGreen",TRUE,FALSE,FALSE,10,10.8717897652771,2012
"TxGreen",3,15,"TxGreen-015","Tx","TxGreen",TRUE,FALSE,FALSE,12.4,11.9049647326306,2013
"TxGreen",4,15,"TxGreen-015","Tx","TxGreen",TRUE,FALSE,FALSE,14,13.920023777629,2014
"TxGreen",5,15,"TxGreen-015","Tx","TxGreen",TRUE,FALSE,FALSE,16,16.7979285344658,2015
"TxGreen",1,16,"TxGreen-016","Tx","TxGreen",TRUE,FALSE,FALSE,8,7.57830181400011,2011
"TxGreen",2,16,"TxGreen-016","Tx","TxGreen",TRUE,FALSE,FALSE,10,9.05632589233946,2012
"TxGreen",3,16,"TxGreen-016","Tx","TxGreen",TRUE,FALSE,FALSE,12.4,14.0811012364418,2013
"TxGreen",4,16,"TxGreen-016","Tx","TxGreen",TRUE,FALSE,FALSE,14,14.7063791031005,2014
"TxGreen",5,16,"TxGreen-016","Tx","TxGreen",TRUE,FALSE,FALSE,16,15.5609873382432,2015
"TxGreen",1,17,"TxGreen-017","Tx","TxGreen",TRUE,FALSE,FALSE,8,7.68503493883952,2011
"TxGreen",2,17,"TxGreen-017","Tx","TxGreen",TRUE,FALSE,FALSE,10,8.92400488100528,2012
"TxGreen",3,17,"TxGreen-017","Tx","TxGreen",TRUE,FALSE,FALSE,12.4,12.5188727745846,2013
"TxGreen",4,17,"TxGreen-017","Tx","TxGreen",TRUE,FALSE,FALSE,14,15.4171946829297,2014
"TxGreen",5,17,"TxGreen-017","Tx","TxGreen",TRUE,FALSE,FALSE,16,16.5043211459279,2015
"TxGreen",1,18,"TxGreen-018","Tx","TxGreen",TRUE,FALSE,FALSE,8,9.17279380639165,2011
"TxGreen",2,18,"TxGreen-018","Tx","TxGreen",TRUE,FALSE,FALSE,10,9.05304974044655,2012
"TxGreen",3,18,"TxGreen-018","Tx","TxGreen",TRUE,FALSE,FALSE,12.4,10.9477303917038,2013
"TxGreen",4,18,"TxGreen-018","Tx","TxGreen",TRUE,FALSE,FALSE,14,16.2142175206037,2014
"TxGreen",5,18,"TxGreen-018","Tx","TxGreen",TRUE,FALSE,FALSE,16,15.1556026514577,2015
"TxGreen",1,19,"TxGreen-019","Tx","TxGreen",TRUE,FALSE,FALSE,8,7.14555735036819,2011
"TxGreen",2,19,"TxGreen-019","Tx","TxGreen",TRUE,FALSE,FALSE,10,11.5286096583013,2012
"TxGreen",3,19,"TxGreen-019","Tx","TxGreen",TRUE,FALSE,FALSE,12.4,13.5922370810031,2013
"TxGreen",4,19,"TxGreen-019","Tx","TxGreen",TRUE,FALSE,FALSE,14,11.71881233552,2014
"TxGreen",5,19,"TxGreen-019","Tx","TxGreen",TRUE,FALSE,FALSE,16,16.5285028406399,2015
"TxGreen",1,20,"TxGreen-020","Tx","TxGreen",TRUE,FALSE,FALSE,8,9.31160025423797,2011
"TxGreen",2,20,"TxGreen-020","Tx","TxGreen",TRUE,FALSE,FALSE,10,11.5108243491818,2012
"TxGreen",3,20,"TxGreen-020","Tx","TxGreen",TRUE,FALSE,FALSE,12.4,12.3769416441933,2013
"TxGreen",4,20,"TxGreen-020","Tx","TxGreen",TRUE,FALSE,FALSE,14,15.1569562670243,2014
"TxGreen",5,20,"TxGreen-020","Tx","TxGreen",TRUE,FALSE,FALSE,16,17.0157136336856,2015
"TxGreen",1,21,"TxGreen-021","Tx","TxGreen",TRUE,FALSE,FALSE,8,8.25925341309381,2011
"TxGreen",2,21,"TxGreen-021","Tx","TxGreen",TRUE,FALSE,FALSE,10,8.62456294265472,2012
"TxGreen",3,21,"TxGreen-021","Tx","TxGreen",TRUE,FALSE,FALSE,12.4,11.5159651539828,2013
"TxGreen",4,21,"TxGreen-021","Tx","TxGreen",TRUE,FALSE,FALSE,14,13.2081641171756,2014
"TxGreen",5,21,"TxGreen-021","Tx","TxGreen",TRUE,FALSE,FALSE,16,15.2845337626048,2015
"TxGreen",1,22,"TxGreen-022","Tx","TxGreen",TRUE,FALSE,FALSE,8,5.87900949541671,2011
"TxGreen",2,22,"TxGreen-022","Tx","TxGreen",TRUE,FALSE,FALSE,10,7.07275673388763,2012
"TxGreen",3,22,"TxGreen-022","Tx","TxGreen",TRUE,FALSE,FALSE,12.4,13.4038033642398,2013
"TxGreen",4,22,"TxGreen-022","Tx","TxGreen",TRUE,FALSE,FALSE,14,13.9711696984511,2014
"TxGreen",5,22,"TxGreen-022","Tx","TxGreen",TRUE,FALSE,FALSE,16,16.115795112122,2015
"TxGreen",1,23,"TxGreen-023","Tx","TxGreen",TRUE,FALSE,FALSE,8,8.02818640671989,2011
"TxGreen",2,23,"TxGreen-023","Tx","TxGreen",TRUE,FALSE,FALSE,10,11.3022337489846,2012
"TxGreen",3,23,"TxGreen-023","Tx","TxGreen",TRUE,FALSE,FALSE,12.4,13.9733182209989,2013
"TxGreen",4,23,"TxGreen-023","Tx","TxGreen",TRUE,FALSE,FALSE,14,12.9367373081754,2014
"TxGreen",5,23,"TxGreen-023","Tx","TxGreen",TRUE,FALSE,FALSE,16,15.1930036423679,2015
"TxGreen",1,24,"TxGreen-024","Tx","TxGreen",TRUE,FALSE,FALSE,8,8.89518385703592,2011
"TxGreen",2,24,"TxGreen-024","Tx","TxGreen",TRUE,FALSE,FALSE,10,10.1512803918143,2012
"TxGreen",3,24,"TxGreen-024","Tx","TxGreen",TRUE,FALSE,FALSE,12.4,13.0096668509678,2013
"TxGreen",4,24,"TxGreen-024","Tx","TxGreen",TRUE,FALSE,FALSE,14,13.7067965623934,2014
"TxGreen",5,24,"TxGreen-024","Tx","TxGreen",TRUE,FALSE,FALSE,16,16.4292832371198,2015
"TxGreen",1,25,"TxGreen-025","Tx","TxGreen",TRUE,FALSE,FALSE,8,7.90701978535113,2011
"TxGreen",2,25,"TxGreen-025","Tx","TxGreen",TRUE,FALSE,FALSE,10,10.6295725267555,2012
"TxGreen",3,25,"TxGreen-025","Tx","TxGreen",TRUE,FALSE,FALSE,12.4,11.7687016014523,2013
"TxGreen",4,25,"TxGreen-025","Tx","TxGreen",TRUE,FALSE,FALSE,14,12.3486588876477,2014
"TxGreen",5,25,"TxGreen-025","Tx","TxGreen",TRUE,FALSE,FALSE,16,15.2250923648531,2015
"TxGreen",1,26,"TxGreen-026","Tx","TxGreen",TRUE,FALSE,FALSE,8,11.0380766987029,2011
"TxGreen",2,26,"TxGreen-026","Tx","TxGreen",TRUE,FALSE,FALSE,10,9.24126569599968,2012
"TxGreen",3,26,"TxGreen-026","Tx","TxGreen",TRUE,FALSE,FALSE,12.4,13.8463772054843,2013
"TxGreen",4,26,"TxGreen-026","Tx","TxGreen",TRUE,FALSE,FALSE,14,14.2503398937823,2014
"TxGreen",5,26,"TxGreen-026","Tx","TxGreen",TRUE,FALSE,FALSE,16,14.7436861624836,2015
"TxGreen",1,27,"TxGreen-027","Tx","TxGreen",TRUE,FALSE,FALSE,8,3.88898986113199,2011
"TxGreen",2,27,"TxGreen-027","Tx","TxGreen",TRUE,FALSE,FALSE,10,10.922253783088,2012
"TxGreen",3,27,"TxGreen-027","Tx","TxGreen",TRUE,FALSE,FALSE,12.4,13.6128429866389,2013
"TxGreen",4,27,"TxGreen-027","Tx","TxGreen",TRUE,FALSE,FALSE,14,12.9268674876376,2014
"TxGreen",5,27,"TxGreen-027","Tx","TxGreen",TRUE,FALSE,FALSE,16,16.5646531987525,2015
"TxGreen",1,28,"TxGreen-028","Tx","TxGreen",TRUE,FALSE,FALSE,8,10.2413037385583,2011
"TxGreen",2,28,"TxGreen-028","Tx","TxGreen",TRUE,FALSE,FALSE,10,9.73869413918382,2012
"TxGreen",3,28,"TxGreen-028","Tx","TxGreen",TRUE,FALSE,FALSE,12.4,11.8342905549104,2013
"TxGreen",4,28,"TxGreen-028","Tx","TxGreen",TRUE,FALSE,FALSE,14,12.9759447282193,2014
"TxGreen",5,28,"TxGreen-028","Tx","TxGreen",TRUE,FALSE,FALSE,16,15.9876748819685,2015
"TxGreen",1,29,"TxGreen-029","Tx","TxGreen",TRUE,FALSE,FALSE,8,6.98821119808597,2011
"TxGreen",2,29,"TxGreen-029","Tx","TxGreen",TRUE,FALSE,FALSE,10,11.6760917195301,2012
"TxGreen",3,29,"TxGreen-029","Tx","TxGreen",TRUE,FALSE,FALSE,12.4,12.6472883646464,2013
"TxGreen",4,29,"TxGreen-029","Tx","TxGreen",TRUE,FALSE,FALSE,14,13.7599721253199,2014
"TxGreen",5,29,"TxGreen-029","Tx","TxGreen",TRUE,FALSE,FALSE,16,16.186114616179,2015
"TxGreen",1,30,"TxGreen-030","Tx","TxGreen",TRUE,FALSE,FALSE,8,6.43132030261403,2011
"TxGreen",2,30,"TxGreen-030","Tx","TxGreen",TRUE,FALSE,FALSE,10,11.6796254793542,2012
"TxGreen",3,30,"TxGreen-030","Tx","TxGreen",TRUE,FALSE,FALSE,12.4,11.3514755123782,2013
"TxGreen",4,30,"TxGreen-030","Tx","TxGreen",TRUE,FALSE,FALSE,14,13.6532217371761,2014
"TxGreen",5,30,"TxGreen-030","Tx","TxGreen",TRUE,FALSE,FALSE,16,14.8243973483938,2015
"TxGreen",1,31,"TxGreen-031","Tx","TxGreen",TRUE,FALSE,FALSE,8,12.4346498771899,2011
"TxGreen",2,31,"TxGreen-031","Tx","TxGreen",TRUE,FALSE,FALSE,10,11.2312732562948,2012
"TxGreen",3,31,"TxGreen-031","Tx","TxGreen",TRUE,FALSE,FALSE,12.4,11.0869636881729,2013
"TxGreen",4,31,"TxGreen-031","Tx","TxGreen",TRUE,FALSE,FALSE,14,13.4374702630903,2014
"TxGreen",5,31,"TxGreen-031","Tx","TxGreen",TRUE,FALSE,FALSE,16,17.1561035340834,2015
"TxGreen",1,32,"TxGreen-032","Tx","TxGreen",TRUE,FALSE,FALSE,8,5.64379418254012,2011
"TxGreen",2,32,"TxGreen-032","Tx","TxGreen",TRUE,FALSE,FALSE,10,9.38362855798508,2012
"TxGreen",3,32,"TxGreen-032","Tx","TxGreen",TRUE,FALSE,FALSE,12.4,11.9723271947676,2013
"TxGreen",4,32,"TxGreen-032","Tx","TxGreen",TRUE,FALSE,FALSE,14,14.5355528156503,2014
"TxGreen",5,32,"TxGreen-032","Tx","TxGreen",TRUE,FALSE,FALSE,16,16.6320496097595,2015
"TxGreen",1,33,"TxGreen-033","Tx","TxGreen",TRUE,FALSE,FALSE,8,8.70860278273723,2011
"TxGreen",2,33,"TxGreen-033","Tx","TxGreen",TRUE,FALSE,FALSE,10,11.0907453680039,2012
"TxGreen",3,33,"TxGreen-033","Tx","TxGreen",TRUE,FALSE,FALSE,12.4,13.4606514642124,2013
"TxGreen",4,33,"TxGreen-033","Tx","TxGreen",TRUE,FALSE,FALSE,14,15.4666487938113,2014
"TxGreen",5,33,"TxGreen-033","Tx","TxGreen",TRUE,FALSE,FALSE,16,16.1724113622968,2015
"TxGreen",1,34,"TxGreen-034","Tx","TxGreen",TRUE,FALSE,FALSE,8,7.31243167237589,2011
"TxGreen",2,34,"TxGreen-034","Tx","TxGreen",TRUE,FALSE,FALSE,10,11.5750278932822,2012
"TxGreen",3,34,"TxGreen-034","Tx","TxGreen",TRUE,FALSE,FALSE,12.4,10.4850032392056,2013
"TxGreen",4,34,"TxGreen-034","Tx","TxGreen",TRUE,FALSE,FALSE,14,10.9683207051848,2014
"TxGreen",5,34,"TxGreen-034","Tx","TxGreen",TRUE,FALSE,FALSE,16,17.7615280511342,2015
"TxGreen",1,35,"TxGreen-035","Tx","TxGreen",TRUE,FALSE,FALSE,8,5.54462009954495,2011
"TxGreen",2,35,"TxGreen-035","Tx","TxGreen",TRUE,FALSE,FALSE,10,10.4472561231431,2012
"TxGreen",3,35,"TxGreen-035","Tx","TxGreen",TRUE,FALSE,FALSE,12.4,13.3821424855398,2013
"TxGreen",4,35,"TxGreen-035","Tx","TxGreen",TRUE,FALSE,FALSE,14,14.4796514696149,2014
"TxGreen",5,35,"TxGreen-035","Tx","TxGreen",TRUE,FALSE,FALSE,16,16.4516004145482,2015
"TxGreen",1,36,"TxGreen-036","Tx","TxGreen",TRUE,FALSE,FALSE,8,3.76012553538469,2011
"TxGreen",2,36,"TxGreen-036","Tx","TxGreen",TRUE,FALSE,FALSE,10,9.34379712085845,2012
"TxGreen",3,36,"TxGreen-036","Tx","TxGreen",TRUE,FALSE,FALSE,12.4,12.3304100207501,2013
"TxGreen",4,36,"TxGreen-036","Tx","TxGreen",TRUE,FALSE,FALSE,14,13.4193160979816,2014
"TxGreen",5,36,"TxGreen-036","Tx","TxGreen",TRUE,FALSE,FALSE,16,16.1709315898195,2015
"TxGreen",1,37,"TxGreen-037","Tx","TxGreen",TRUE,FALSE,FALSE,8,9.25092418500854,2011
"TxGreen",2,37,"TxGreen-037","Tx","TxGreen",TRUE,FALSE,FALSE,10,13.2970708496243,2012
"TxGreen",3,37,"TxGreen-037","Tx","TxGreen",TRUE,FALSE,FALSE,12.4,11.3765965254101,2013
"TxGreen",4,37,"TxGreen-037","Tx","TxGreen",TRUE,FALSE,FALSE,14,13.7895914085139,2014
"TxGreen",5,37,"TxGreen-037","Tx","TxGreen",TRUE,FALSE,FALSE,16,14.7162932888808,2015
"TxGreen",1,38,"TxGreen-038","Tx","TxGreen",TRUE,FALSE,FALSE,8,8.42781010066546,2011
"TxGreen",2,38,"TxGreen-038","Tx","TxGreen",TRUE,FALSE,FALSE,10,12.2657736703808,2012
"TxGreen",3,38,"TxGreen-038","Tx","TxGreen",TRUE,FALSE,FALSE,12.4,12.197142942956,2013
"TxGreen",4,38,"TxGreen-038","Tx","TxGreen",TRUE,FALSE,FALSE,14,13.9363151258193,2014
"TxGreen",5,38,"TxGreen-038","Tx","TxGreen",TRUE,FALSE,FALSE,16,16.7598522282515,2015
"TxGreen",1,39,"TxGreen-039","Tx","TxGreen",TRUE,FALSE,FALSE,8,7.36464043266543,2011
"TxGreen",2,39,"TxGreen-039","Tx","TxGreen",TRUE,FALSE,FALSE,10,10.3160078067328,2012
"TxGreen",3,39,"TxGreen-039","Tx","TxGreen",TRUE,FALSE,FALSE,12.4,13.1912529052004,2013
"TxGreen",4,39,"TxGreen-039","Tx","TxGreen",TRUE,FALSE,FALSE,14,16.55924613482,2014
"TxGreen",5,39,"TxGreen-039","Tx","TxGreen",TRUE,FALSE,FALSE,16,15.0945793759939,2015
"TxGreen",1,40,"TxGreen-040","Tx","TxGreen",TRUE,FALSE,FALSE,8,8.71292928045894,2011
"TxGreen",2,40,"TxGreen-040","Tx","TxGreen",TRUE,FALSE,FALSE,10,9.57272902274033,2012
"TxGreen",3,40,"TxGreen-040","Tx","TxGreen",TRUE,FALSE,FALSE,12.4,11.1701762770483,2013
"TxGreen",4,40,"TxGreen-040","Tx","TxGreen",TRUE,FALSE,FALSE,14,12.7531582192554,2014
"TxGreen",5,40,"TxGreen-040","Tx","TxGreen",TRUE,FALSE,FALSE,16,15.6148536225137,2015
"TxGreen",1,41,"TxGreen-041","Tx","TxGreen",TRUE,FALSE,FALSE,8,8.47979018830849,2011
"TxGreen",2,41,"TxGreen-041","Tx","TxGreen",TRUE,FALSE,FALSE,10,11.3270250826317,2012
"TxGreen",3,41,"TxGreen-041","Tx","TxGreen",TRUE,FALSE,FALSE,12.4,13.2074327977557,2013
"TxGreen",4,41,"TxGreen-041","Tx","TxGreen",TRUE,FALSE,FALSE,14,15.0766941774437,2014
"TxGreen",5,41,"TxGreen-041","Tx","TxGreen",TRUE,FALSE,FALSE,16,15.8210624845989,2015
"TxGreen",1,42,"TxGreen-042","Tx","TxGreen",TRUE,FALSE,FALSE,8,6.97469954698698,2011
"TxGreen",2,42,"TxGreen-042","Tx","TxGreen",TRUE,FALSE,FALSE,10,10.6642613272089,2012
"TxGreen",3,42,"TxGreen-042","Tx","TxGreen",TRUE,FALSE,FALSE,12.4,11.483169198888,2013
"TxGreen",4,42,"TxGreen-042","Tx","TxGreen",TRUE,FALSE,FALSE,14,12.9301800946978,2014
"TxGreen",5,42,"TxGreen-042","Tx","TxGreen",TRUE,FALSE,FALSE,16,17.0861425273747,2015
"TxGreen",1,43,"TxGreen-043","Tx","TxGreen",TRUE,FALSE,FALSE,8,12.3600139293552,2011
"TxGreen",2,43,"TxGreen-043","Tx","TxGreen",TRUE,FALSE,FALSE,10,12.1381190713307,2012
"TxGreen",3,43,"TxGreen-043","Tx","TxGreen",TRUE,FALSE,FALSE,12.4,12.6104073414553,2013
"TxGreen",4,43,"TxGreen-043","Tx","TxGreen",TRUE,FALSE,FALSE,14,14.9337718855473,2014
"TxGreen",5,43,"TxGreen-043","Tx","TxGreen",TRUE,FALSE,FALSE,16,13.6578298742198,2015
"TxGreen",1,44,"TxGreen-044","Tx","TxGreen",TRUE,FALSE,FALSE,8,5.58890445797794,2011
"TxGreen",2,44,"TxGreen-044","Tx","TxGreen",TRUE,FALSE,FALSE,10,8.95507755629206,2012
"TxGreen",3,44,"TxGreen-044","Tx","TxGreen",TRUE,FALSE,FALSE,12.4,12.4110196203129,2013
"TxGreen",4,44,"TxGreen-044","Tx","TxGreen",TRUE,FALSE,FALSE,14,14.1715227329549,2014
"TxGreen",5,44,"TxGreen-044","Tx","TxGreen",TRUE,FALSE,FALSE,16,15.6108525455898,2015
"TxGreen",1,45,"TxGreen-045","Tx","TxGreen",TRUE,FALSE,FALSE,8,11.8870088563605,2011
"TxGreen",2,45,"TxGreen-045","Tx","TxGreen",TRUE,FALSE,FALSE,10,9.40988419567682,2012
"TxGreen",3,45,"TxGreen-045","Tx","TxGreen",TRUE,FALSE,FALSE,12.4,12.614549005847,2013
"TxGreen",4,45,"TxGreen-045","Tx","TxGreen",TRUE,FALSE,FALSE,14,13.4870772918017,2014
"TxGreen",5,45,"TxGreen-045","Tx","TxGreen",TRUE,FALSE,FALSE,16,14.8592120048986,2015
"TxGreen",1,46,"TxGreen-046","Tx","TxGreen",TRUE,FALSE,FALSE,8,7.96131843595793,2011
"TxGreen",2,46,"TxGreen-046","Tx","TxGreen",TRUE,FALSE,FALSE,10,11.4397050669413,2012
"TxGreen",3,46,"TxGreen-046","Tx","TxGreen",TRUE,FALSE,FALSE,12.4,13.5169734437938,2013
"TxGreen",4,46,"TxGreen-046","Tx","TxGreen",TRUE,FALSE,FALSE,14,13.0206154274282,2014
"TxGreen",5,46,"TxGreen-046","Tx","TxGreen",TRUE,FALSE,FALSE,16,15.2400670094771,2015
"TxGreen",1,47,"TxGreen-047","Tx","TxGreen",TRUE,FALSE,FALSE,8,10.1293425798572,2011
"TxGreen",2,47,"TxGreen-047","Tx","TxGreen",TRUE,FALSE,FALSE,10,8.4167376107111,2012
"TxGreen",3,47,"TxGreen-047","Tx","TxGreen",TRUE,FALSE,FALSE,12.4,10.4698941605996,2013
"TxGreen",4,47,"TxGreen-047","Tx","TxGreen",TRUE,FALSE,FALSE,14,12.4588900634166,2014
"TxGreen",5,47,"TxGreen-047","Tx","TxGreen",TRUE,FALSE,FALSE,16,16.3056559239665,2015
"TxGreen",1,48,"TxGreen-048","Tx","TxGreen",TRUE,FALSE,FALSE,8,10.1271676112386,2011
"TxGreen",2,48,"TxGreen-048","Tx","TxGreen",TRUE,FALSE,FALSE,10,13.4195104633399,2012
"TxGreen",3,48,"TxGreen-048","Tx","TxGreen",TRUE,FALSE,FALSE,12.4,12.4380737312197,2013
"TxGreen",4,48,"TxGreen-048","Tx","TxGreen",TRUE,FALSE,FALSE,14,14.0162282516748,2014
"TxGreen",5,48,"TxGreen-048","Tx","TxGreen",TRUE,FALSE,FALSE,16,15.2670450344762,2015
"TxGreen",1,49,"TxGreen-049","Tx","TxGreen",TRUE,FALSE,FALSE,8,9.66080146151711,2011
"TxGreen",2,49,"TxGreen-049","Tx","TxGreen",TRUE,FALSE,FALSE,10,11.0516361041038,2012
"TxGreen",3,49,"TxGreen-049","Tx","TxGreen",TRUE,FALSE,FALSE,12.4,11.5542977393531,2013
"TxGreen",4,49,"TxGreen-049","Tx","TxGreen",TRUE,FALSE,FALSE,14,15.5832356254309,2014
"TxGreen",5,49,"TxGreen-049","Tx","TxGreen",TRUE,FALSE,FALSE,16,15.6338267392732,2015
"TxGreen",1,50,"TxGreen-050","Tx","TxGreen",TRUE,FALSE,FALSE,8,10.0300741368617,2011
"TxGreen",2,50,"TxGreen-050","Tx","TxGreen",TRUE,FALSE,FALSE,10,10.1979452276773,2012
"TxGreen",3,50,"TxGreen-050","Tx","TxGreen",TRUE,FALSE,FALSE,12.4,13.943218991713,2013
"TxGreen",4,50,"TxGreen-050","Tx","TxGreen",TRUE,FALSE,FALSE,14,14.8121533401454,2014
"TxGreen",5,50,"TxGreen-050","Tx","TxGreen",TRUE,FALSE,FALSE,16,15.9773068254994,2015
